maintenance_id,staff_id,assigned_at,unassigned_at,assignment_role
1000000,DGFS0023,2024-06-23T11:57:00,2024-06-23T13:30:00,primary
1000001,DGFS0017,2025-07-05T12:34:00,2025-07-05T14:00:00,primary
1000002,DGFS0005,2024-09-23T13:53:00,2024-09-23T15:30:00,primary
1000003,DGFS0001,2023-08-27T12:13:00,2023-08-27T14:30:00,primary
1000004,DGFM0004,2023-10-24T14:23:00,2023-10-24T15:30:00,primary
1000005,DGFS0023,2022-10-24T13:49:00,2022-10-24T15:00:00,primary
1000006,DGFS0012,2023-06-08T08:17:00,2023-06-08T11:30:00,primary
1000007,DGFS0009,2023-04-11T12:50:00,2023-04-11T14:30:00,primary
1000008,DGFM0003,2023-02-24T15:13:00,2023-02-24T16:30:00,primary
1000009,DGFS0019,2022-10-09T13:08:00,2022-10-09T14:30:00,primary
1000010,DGFS0003,2025-03-28T16:03:00,2025-03-28T17:30:00,primary
1000011,DGFS0014,2025-08-06T14:52:00,2025-08-06T16:30:00,primary
1000012,DGFS0002,2022-10-03T12:56:00,2022-10-03T14:30:00,primary
1000013,DGFS0004,2025-05-07T16:24:00,2025-05-07T18:30:00,primary
1000014,DGFS0008,2023-01-27T09:40:00,2023-01-27T11:00:00,primary
1000015,DGFS0009,2024-04-15T16:01:00,2024-04-15T18:30:00,primary
1000016,DGFM0003,2024-05-14T14:24:00,2024-05-14T15:30:00,primary
1000017,DGFS0024,2023-07-30T09:47:00,2023-07-30T11:30:00,primary
1000018,DGFS0001,2022-10-14T14:00:00,2022-10-14T15:30:00,primary
1000019,DGFS0002,2024-07-27T10:15:00,2024-07-27T12:30:00,primary
1000020,DGFS0018,2025-06-27T08:11:00,2025-06-27T09:30:00,primary
1000021,DGFS0001,2023-10-04T13:56:00,2023-10-04T15:30:00,primary
1000022,DGFM0005,2022-12-08T15:51:00,2022-12-08T18:30:00,primary
1000023,DGFS0020,2023-06-01T13:54:00,2023-06-01T17:30:00,primary
1000024,DGFS0008,2024-04-14T16:56:00,2024-04-14T18:30:00,primary
1000025,DGFS0004,2022-10-17T09:22:00,2022-10-17T11:00:00,primary
1000026,DGFS0011,2022-11-29T09:09:00,2022-11-29T10:30:00,primary
1000027,DGFS0011,2022-12-01T11:49:00,2022-12-01T14:00:00,primary
1000028,DGFS0001,2022-10-12T15:39:00,2022-10-12T17:30:00,primary
1000029,DGFM0003,2024-03-02T10:44:00,2024-03-02T12:30:00,primary
1000030,DGFS0005,2024-08-27T16:56:00,2024-08-27T18:30:00,primary
1000031,DGFS0015,2023-03-12T15:26:00,2023-03-12T17:30:00,primary
1000032,DGFS0022,2025-07-03T16:13:00,2025-07-03T18:30:00,primary
1000033,DGFM0002,2023-01-23T16:47:00,2023-01-23T18:30:00,primary
1000034,DGFS0020,2023-12-29T10:30:00,2023-12-29T11:30:00,primary
1000035,DGFM0002,2025-06-04T09:07:00,2025-06-04T11:30:00,primary
1000036,DGFM0005,2024-11-05T13:28:00,2024-11-05T14:30:00,primary
1000037,DGFS0001,2024-07-18T10:50:00,2024-07-18T12:30:00,primary
1000038,DGFS0021,2024-04-13T08:45:00,2024-04-13T10:30:00,primary
1000039,DGFS0024,2024-02-24T08:27:00,2024-02-24T09:30:00,primary
1000040,DGFS0016,2023-04-23T08:52:00,2023-04-23T10:00:00,primary
1000041,DGFS0014,2025-06-28T11:15:00,2025-06-28T13:30:00,primary
1000042,DGFS0022,2023-09-24T15:21:00,2023-09-24T16:30:00,primary
1000043,DGFS0024,2023-01-03T16:14:00,2023-01-03T18:30:00,primary
1000044,DGFS0018,2024-03-11T10:17:00,2024-03-11T13:00:00,primary
1000045,DGFS0018,2023-12-09T10:07:00,2023-12-09T13:30:00,primary
1000046,DGFS0021,2024-12-12T12:44:00,2024-12-12T15:30:00,primary
1000047,DGFS0019,2022-11-20T14:17:00,2022-11-20T15:30:00,primary
1000048,DGFS0001,2025-03-17T14:42:00,2025-03-17T16:30:00,primary
1000049,DGFS0016,2024-08-04T14:51:00,2024-08-04T16:30:00,primary
1000050,DGFS0002,2024-12-30T07:47:00,2024-12-30T09:30:00,primary
1000051,DGFS0003,2024-08-21T14:10:00,2024-08-21T15:30:00,primary
1000052,DGFS0011,2022-12-17T07:57:00,2022-12-17T09:30:00,primary
1000053,DGFS0023,2025-07-09T12:13:00,2025-07-09T15:00:00,primary
1000054,DGFS0011,2023-08-26T08:15:00,2023-08-26T09:30:00,primary
1000055,DGFM0002,2023-02-13T08:19:00,2023-02-13T09:30:00,primary
1000056,DGFS0017,2025-07-06T12:36:00,2025-07-06T15:00:00,primary
1000057,DGFS0009,2025-03-22T10:49:00,2025-03-22T12:00:00,primary
1000058,DGFS0011,2024-03-31T07:35:00,2024-03-31T09:30:00,primary
1000059,DGFS0017,2023-02-27T12:29:00,2023-02-27T14:30:00,primary
1000060,DGFM0005,2024-10-22T15:18:00,2024-10-22T18:30:00,primary
1000061,DGFM0001,2024-11-12T07:35:00,2024-11-12T09:30:00,primary
1000062,DGFS0015,2024-04-27T11:30:00,2024-04-27T13:00:00,primary
1000063,DGFS0022,2024-06-01T08:25:00,2024-06-01T11:30:00,primary
1000064,DGFS0022,2023-11-27T08:53:00,2023-11-27T10:30:00,primary
1000065,DGFS0009,2023-12-19T11:16:00,2023-12-19T12:30:00,primary
1000066,DGFS0004,2023-03-31T15:58:00,2023-03-31T18:00:00,primary
1000067,DGFS0010,2025-07-08T16:27:00,2025-07-08T17:30:00,primary
1000068,DGFS0022,2024-01-06T08:09:00,2024-01-06T10:00:00,primary
1000069,DGFS0017,2025-03-27T11:19:00,2025-03-27T13:00:00,primary
1000070,DGFS0010,2025-06-06T08:35:00,2025-06-06T10:30:00,primary
1000071,DGFM0002,2025-01-09T14:58:00,2025-01-09T16:00:00,primary
1000072,DGFS0013,2023-07-01T11:14:00,2023-07-01T12:30:00,primary
1000073,DGFS0024,2023-04-08T12:06:00,2023-04-08T14:30:00,primary
1000074,DGFS0019,2024-02-09T10:19:00,2024-02-09T13:30:00,primary
1000075,DGFS0019,2024-08-22T12:24:00,2024-08-22T14:30:00,primary
1000076,DGFS0001,2023-04-25T07:58:00,2023-04-25T10:00:00,primary
1000077,DGFS0016,2022-11-03T08:53:00,2022-11-03T10:30:00,primary
1000078,DGFM0001,2025-02-07T13:11:00,2025-02-07T15:30:00,primary
1000079,DGFM0004,2025-08-30T07:46:00,2025-08-30T09:30:00,primary
1000080,DGFS0014,2024-09-18T12:42:00,2024-09-18T14:30:00,primary
1000081,DGFS0003,2022-10-29T10:13:00,2022-10-29T11:30:00,primary
1000082,DGFS0010,2025-05-24T14:43:00,2025-05-24T18:30:00,primary
1000083,DGFS0002,2025-06-17T08:20:00,2025-06-17T09:30:00,primary
1000084,DGFM0002,2025-08-07T15:58:00,2025-08-07T18:00:00,primary
1000085,DGFS0003,2024-08-15T11:53:00,2024-08-15T13:30:00,primary
1000086,DGFS0014,2025-07-08T09:37:00,2025-07-08T11:30:00,primary
1000087,DGFS0021,2025-07-17T07:37:00,2025-07-17T09:30:00,primary
1000088,DGFS0001,2025-03-03T16:23:00,2025-03-03T17:30:00,primary
1000089,DGFS0001,2024-04-13T12:14:00,2024-04-13T13:30:00,primary
1000090,DGFS0023,2024-02-01T13:19:00,2024-02-01T14:30:00,primary
1000091,DGFM0003,2023-12-11T15:10:00,2023-12-11T16:30:00,primary
1000092,DGFS0009,2024-06-24T16:05:00,2024-06-24T18:30:00,primary
1000093,DGFS0007,2024-07-01T07:59:00,2024-07-01T09:30:00,primary
1000094,DGFS0020,2023-08-12T09:32:00,2023-08-12T11:00:00,primary
1000095,DGFS0010,2022-10-10T07:47:00,2022-10-10T10:30:00,primary
1000096,DGFS0023,2023-03-19T11:40:00,2023-03-19T14:30:00,primary
1000097,DGFS0025,2024-07-16T11:01:00,2024-07-16T12:30:00,primary
1000098,DGFM0001,2024-09-24T14:27:00,2024-09-24T16:30:00,primary
1000099,DGFS0019,2022-12-01T13:57:00,2022-12-01T17:30:00,primary
1000100,DGFS0008,2024-06-16T14:43:00,2024-06-16T17:30:00,primary
1000101,DGFS0022,2022-09-13T12:43:00,2022-09-13T14:30:00,primary
1000102,DGFS0005,2025-05-22T16:41:00,2025-05-22T18:30:00,primary
1000103,DGFS0018,2023-01-27T11:08:00,2023-01-27T13:30:00,primary
1000104,DGFS0011,2024-04-29T08:28:00,2024-04-29T09:30:00,primary
1000105,DGFS0023,2025-05-28T10:41:00,2025-05-28T13:30:00,primary
1000106,DGFS0018,2022-09-19T13:11:00,2022-09-19T15:00:00,primary
1000107,DGFS0014,2024-11-21T15:24:00,2024-11-21T16:30:00,primary
1000108,DGFM0004,2022-10-06T14:06:00,2022-10-06T17:30:00,primary
1000109,DGFS0018,2024-08-29T13:33:00,2024-08-29T15:00:00,primary
1000110,DGFS0018,2023-01-15T15:11:00,2023-01-15T17:00:00,primary
1000111,DGFS0013,2023-02-05T10:24:00,2023-02-05T11:30:00,primary
1000112,DGFS0017,2024-02-13T15:27:00,2024-02-13T16:30:00,primary
1000113,DGFS0022,2024-11-20T14:29:00,2024-11-20T16:30:00,primary
1000114,DGFS0021,2023-10-23T11:19:00,2023-10-23T13:30:00,primary
1000115,DGFS0025,2023-09-09T15:41:00,2023-09-09T18:00:00,primary
1000116,DGFS0024,2025-02-26T11:36:00,2025-02-26T14:30:00,primary
1000117,DGFS0010,2024-08-07T12:50:00,2024-08-07T14:00:00,primary
1000118,DGFM0004,2025-05-28T08:43:00,2025-05-28T11:30:00,primary
1000119,DGFS0017,2025-05-22T17:30:00,2025-05-22T18:30:00,primary
1000120,DGFS0004,2024-04-12T10:51:00,2024-04-12T12:30:00,primary
1000121,DGFM0002,2023-01-19T14:53:00,2023-01-19T16:30:00,primary
1000122,DGFM0001,2025-02-26T13:28:00,2025-02-26T16:00:00,primary
1000123,DGFM0004,2023-01-03T12:08:00,2023-01-03T14:30:00,primary
1000124,DGFS0007,2025-01-17T09:00:00,2025-01-17T10:30:00,primary
1000125,DGFS0001,2023-02-02T08:21:00,2023-02-02T09:30:00,primary
1000126,DGFS0020,2023-02-02T08:24:00,2023-02-02T09:30:00,primary
1000127,DGFS0004,2024-01-13T08:41:00,2024-01-13T10:30:00,primary
1000128,DGFS0002,2024-05-15T16:38:00,2024-05-15T18:30:00,primary
1000129,DGFS0020,2022-09-02T09:55:00,2022-09-02T11:30:00,primary
1000130,DGFS0009,2025-05-10T16:05:00,2025-05-10T18:30:00,primary
1000131,DGFS0011,2023-03-14T09:55:00,2023-03-14T12:30:00,primary
1000132,DGFM0002,2025-01-19T08:03:00,2025-01-19T09:30:00,primary
1000133,DGFS0025,2024-06-30T14:45:00,2024-06-30T16:30:00,primary
1000134,DGFS0025,2024-11-27T11:12:00,2024-11-27T12:30:00,primary
1000135,DGFS0017,2025-02-05T09:41:00,2025-02-05T11:30:00,primary
1000136,DGFS0021,2024-08-14T13:10:00,2024-08-14T14:30:00,primary
1000137,DGFS0014,2023-12-19T10:54:00,2023-12-19T12:30:00,primary
1000138,DGFS0014,2024-12-07T08:59:00,2024-12-07T10:00:00,primary
1000139,DGFM0001,2023-03-15T08:03:00,2023-03-15T09:30:00,primary
1000140,DGFM0001,2024-03-11T12:12:00,2024-03-11T14:00:00,primary
1000141,DGFS0004,2025-05-04T13:51:00,2025-05-04T15:30:00,primary
1000142,DGFS0019,2025-02-25T07:54:00,2025-02-25T09:30:00,primary
1000143,DGFS0008,2025-07-16T10:37:00,2025-07-16T13:00:00,primary
1000144,DGFS0018,2024-09-07T13:00:00,2024-09-07T15:30:00,primary
1000145,DGFS0022,2024-07-15T12:52:00,2024-07-15T14:30:00,primary
1000146,DGFS0014,2025-06-03T13:52:00,2025-06-03T15:30:00,primary
1000147,DGFS0010,2024-03-21T11:24:00,2024-03-21T13:30:00,primary
1000148,DGFS0017,2024-12-15T14:23:00,2024-12-15T15:30:00,primary
1000149,DGFS0006,2024-11-20T11:39:00,2024-11-20T13:30:00,primary
1000150,DGFM0001,2025-04-30T15:59:00,2025-04-30T18:30:00,primary
1000151,DGFM0003,2024-11-01T12:02:00,2024-11-01T13:30:00,primary
1000152,DGFS0022,2024-10-28T15:55:00,2024-10-28T17:30:00,primary
1000153,DGFS0001,2025-01-15T08:52:00,2025-01-15T11:00:00,primary
1000154,DGFS0010,2025-07-24T12:43:00,2025-07-24T14:30:00,primary
1000155,DGFS0009,2023-09-27T09:47:00,2023-09-27T11:30:00,primary
1000156,DGFS0013,2023-11-07T14:06:00,2023-11-07T16:00:00,primary
1000157,DGFS0007,2023-02-12T15:08:00,2023-02-12T16:30:00,primary
1000158,DGFS0022,2024-03-15T17:20:00,2024-03-15T18:30:00,primary
1000159,DGFM0003,2023-02-18T11:00:00,2023-02-18T14:30:00,primary
1000160,DGFS0005,2022-12-09T11:49:00,2022-12-09T13:00:00,primary
1000161,DGFM0004,2023-11-19T13:05:00,2023-11-19T15:30:00,primary
1000162,DGFS0008,2023-06-30T16:23:00,2023-06-30T18:30:00,primary
1000163,DGFS0015,2022-11-24T09:45:00,2022-11-24T12:30:00,primary
1000164,DGFS0019,2025-08-25T09:13:00,2025-08-25T11:30:00,primary
1000165,DGFS0020,2022-12-30T10:30:00,2022-12-30T11:30:00,primary
1000166,DGFM0004,2024-12-09T12:36:00,2024-12-09T14:30:00,primary
1000167,DGFS0001,2023-07-18T09:20:00,2023-07-18T11:30:00,primary
1000168,DGFM0001,2024-11-21T13:00:00,2024-11-21T14:30:00,primary
1000169,DGFS0017,2025-08-30T14:58:00,2025-08-30T16:30:00,primary
1000170,DGFS0024,2022-09-04T12:26:00,2022-09-04T14:30:00,primary
1000171,DGFS0007,2023-12-21T15:07:00,2023-12-21T17:30:00,primary
1000172,DGFS0012,2025-01-14T10:08:00,2025-01-14T11:30:00,primary
1000173,DGFS0022,2024-06-21T13:55:00,2024-06-21T16:30:00,primary
1000174,DGFS0008,2023-04-15T08:42:00,2023-04-15T10:30:00,primary
1000175,DGFM0003,2024-10-23T13:53:00,2024-10-23T15:30:00,primary
1000176,DGFS0009,2023-08-27T14:16:00,2023-08-27T15:30:00,primary
1000177,DGFS0016,2024-11-14T13:10:00,2024-11-14T15:30:00,primary
1000178,DGFS0019,2023-11-27T11:13:00,2023-11-27T12:30:00,primary
1000179,DGFS0021,2025-04-29T09:10:00,2025-04-29T10:30:00,primary
1000180,DGFS0017,2024-01-29T13:18:00,2024-01-29T16:30:00,primary
1000181,DGFM0005,2024-07-05T09:25:00,2024-07-05T12:30:00,primary
1000182,DGFS0002,2023-06-19T11:17:00,2023-06-19T13:30:00,primary
1000183,DGFS0016,2022-09-20T12:56:00,2022-09-20T14:00:00,primary
1000184,DGFM0002,2023-04-21T16:21:00,2023-04-21T18:00:00,primary
1000185,DGFS0020,2023-09-06T08:03:00,2023-09-06T09:30:00,primary
1000186,DGFS0012,2024-05-08T10:43:00,2024-05-08T13:00:00,primary
1000187,DGFS0009,2023-08-03T08:46:00,2023-08-03T11:30:00,primary
1000188,DGFM0005,2025-07-28T14:29:00,2025-07-28T15:30:00,primary
1000189,DGFS0019,2025-07-17T15:45:00,2025-07-17T18:00:00,primary
1000190,DGFS0002,2023-08-17T09:26:00,2023-08-17T10:30:00,primary
1000191,DGFS0005,2022-11-26T17:04:00,2022-11-26T18:30:00,primary
1000192,DGFS0015,2023-02-06T15:57:00,2023-02-06T18:30:00,primary
1000193,DGFS0006,2023-01-29T11:12:00,2023-01-29T14:00:00,primary
1000194,DGFS0012,2024-03-05T10:10:00,2024-03-05T12:00:00,primary
1000195,DGFS0024,2024-05-21T08:26:00,2024-05-21T10:00:00,primary
1000196,DGFM0003,2023-11-14T10:23:00,2023-11-14T11:30:00,primary
1000197,DGFS0016,2023-07-08T16:16:00,2023-07-08T18:30:00,primary
1000198,DGFM0005,2025-06-06T16:54:00,2025-06-06T18:00:00,primary
1000199,DGFS0002,2023-12-22T10:03:00,2023-12-22T13:30:00,primary
1000200,DGFS0022,2024-07-14T08:09:00,2024-07-14T10:30:00,primary
1000201,DGFM0002,2022-11-12T14:27:00,2022-11-12T15:30:00,primary
1000202,DGFM0003,2024-05-05T11:01:00,2024-05-05T12:30:00,primary
1000203,DGFS0003,2024-02-01T15:18:00,2024-02-01T17:00:00,primary
1000204,DGFS0004,2025-03-19T13:27:00,2025-03-19T15:00:00,primary
1000205,DGFS0016,2024-09-26T09:16:00,2024-09-26T11:30:00,primary
1000206,DGFS0009,2024-01-10T10:20:00,2024-01-10T12:30:00,primary
1000207,DGFS0023,2023-10-25T08:51:00,2023-10-25T10:30:00,primary
1000208,DGFS0023,2024-09-13T09:18:00,2024-09-13T10:30:00,primary
1000209,DGFS0010,2024-07-14T09:07:00,2024-07-14T11:30:00,primary
1000210,DGFS0012,2023-05-07T11:39:00,2023-05-07T13:30:00,primary
1000211,DGFS0013,2022-12-09T08:19:00,2022-12-09T09:30:00,primary
1000212,DGFS0017,2022-10-16T08:24:00,2022-10-16T09:30:00,primary
1000213,DGFM0002,2023-11-18T14:18:00,2023-11-18T16:30:00,primary
1000214,DGFS0014,2023-12-17T16:20:00,2023-12-17T17:30:00,primary
1000215,DGFS0024,2025-08-27T13:49:00,2025-08-27T15:30:00,primary
1000216,DGFS0007,2023-10-03T13:25:00,2023-10-03T14:30:00,primary
1000217,DGFS0009,2024-05-30T12:08:00,2024-05-30T13:30:00,primary
1000218,DGFS0005,2024-02-09T14:58:00,2024-02-09T16:00:00,primary
1000219,DGFM0005,2024-07-15T11:49:00,2024-07-15T13:00:00,primary
1000220,DGFS0024,2023-03-24T15:37:00,2023-03-24T17:30:00,primary
1000221,DGFS0013,2022-11-06T15:58:00,2022-11-06T17:30:00,primary
1000222,DGFS0020,2024-04-20T12:20:00,2024-04-20T14:30:00,primary
1000223,DGFS0008,2025-07-02T15:23:00,2025-07-02T17:30:00,primary
1000224,DGFS0025,2025-07-17T13:35:00,2025-07-17T15:30:00,primary
1000225,DGFS0017,2023-06-01T13:10:00,2023-06-01T16:30:00,primary
1000226,DGFM0001,2024-06-11T11:58:00,2024-06-11T14:30:00,primary
1000227,DGFS0022,2024-07-30T08:23:00,2024-07-30T09:30:00,primary
1000228,DGFS0015,2024-04-06T13:44:00,2024-04-06T15:00:00,primary
1000229,DGFS0016,2023-05-05T15:43:00,2023-05-05T18:30:00,primary
1000230,DGFS0012,2023-12-03T11:29:00,2023-12-03T12:30:00,primary
1000231,DGFS0006,2024-04-07T15:29:00,2024-04-07T17:00:00,primary
1000232,DGFM0002,2025-08-28T13:14:00,2025-08-28T15:30:00,primary
1000233,DGFS0025,2023-06-17T16:21:00,2023-06-17T17:30:00,primary
1000234,DGFS0024,2023-08-07T11:45:00,2023-08-07T13:30:00,primary
1000235,DGFS0008,2024-04-01T12:40:00,2024-04-01T15:00:00,primary
1000236,DGFS0019,2023-12-09T12:11:00,2023-12-09T14:30:00,primary
1000237,DGFS0010,2024-11-30T07:37:00,2024-11-30T11:30:00,primary
1000238,DGFS0019,2022-12-27T15:44:00,2022-12-27T17:00:00,primary
1000239,DGFM0002,2024-09-07T14:18:00,2024-09-07T16:30:00,primary
1000240,DGFS0012,2024-10-04T13:27:00,2024-10-04T14:30:00,primary
1000241,DGFS0019,2024-12-13T12:45:00,2024-12-13T14:30:00,primary
1000242,DGFS0015,2024-10-16T12:51:00,2024-10-16T14:30:00,primary
1000243,DGFS0002,2023-05-17T08:14:00,2023-05-17T09:30:00,primary
1000244,DGFS0005,2023-11-16T14:45:00,2023-11-16T16:30:00,primary
1000245,DGFS0004,2025-07-24T13:22:00,2025-07-24T16:30:00,primary
1000246,DGFS0010,2022-11-11T10:40:00,2022-11-11T12:00:00,primary
1000247,DGFS0019,2024-07-13T13:48:00,2024-07-13T15:30:00,primary
1000248,DGFS0007,2023-01-09T08:44:00,2023-01-09T10:00:00,primary
1000249,DGFS0004,2023-06-28T15:24:00,2023-06-28T17:30:00,primary
1000250,DGFS0021,2025-08-14T10:27:00,2025-08-14T12:30:00,primary
1000251,DGFS0008,2024-08-15T10:16:00,2024-08-15T13:30:00,primary
1000252,DGFS0017,2024-11-05T13:45:00,2024-11-05T15:30:00,primary
1000253,DGFS0019,2025-07-21T10:57:00,2025-07-21T13:30:00,primary
1000254,DGFS0018,2024-07-27T09:10:00,2024-07-27T10:30:00,primary
1000255,DGFS0017,2023-05-06T08:42:00,2023-05-06T10:00:00,primary
1000256,DGFS0004,2023-09-20T15:03:00,2023-09-20T17:30:00,primary
1000257,DGFM0002,2024-04-06T09:24:00,2024-04-06T10:30:00,primary
1000258,DGFS0017,2023-09-09T15:24:00,2023-09-09T18:30:00,primary
1000259,DGFM0005,2024-01-13T15:47:00,2024-01-13T17:30:00,primary
1000260,DGFS0001,2023-02-11T10:24:00,2023-02-11T12:00:00,primary
1000261,DGFS0020,2025-04-24T11:30:00,2025-04-24T12:30:00,primary
1000262,DGFS0018,2025-04-02T13:05:00,2025-04-02T14:30:00,primary
1000263,DGFS0017,2025-04-09T09:10:00,2025-04-09T10:30:00,primary
1000264,DGFS0019,2024-10-30T11:26:00,2024-10-30T13:00:00,primary
1000265,DGFS0020,2025-01-18T10:54:00,2025-01-18T12:30:00,primary
1000266,DGFS0005,2025-02-15T09:10:00,2025-02-15T10:30:00,primary
1000267,DGFS0006,2024-06-23T11:02:00,2024-06-23T13:30:00,primary
1000268,DGFS0001,2023-05-31T15:58:00,2023-05-31T18:30:00,primary
1000269,DGFS0012,2024-01-16T14:19:00,2024-01-16T15:30:00,primary
1000270,DGFS0021,2024-05-27T11:41:00,2024-05-27T13:30:00,primary
1000271,DGFS0007,2024-08-13T09:02:00,2024-08-13T11:30:00,primary
1000272,DGFS0024,2024-07-21T15:37:00,2024-07-21T18:30:00,primary
1000273,DGFS0025,2022-09-19T09:35:00,2022-09-19T11:30:00,primary
1000274,DGFS0021,2023-08-30T10:50:00,2023-08-30T13:30:00,primary
1000275,DGFM0003,2025-04-19T14:46:00,2025-04-19T17:30:00,primary
1000276,DGFM0001,2023-11-11T11:59:00,2023-11-11T13:30:00,primary
1000277,DGFS0009,2024-01-26T16:43:00,2024-01-26T18:30:00,primary
1000278,DGFS0007,2022-10-07T10:17:00,2022-10-07T11:30:00,primary
1000279,DGFS0007,2024-08-06T12:38:00,2024-08-06T14:30:00,primary
1000280,DGFM0004,2022-09-19T14:28:00,2022-09-19T16:00:00,primary
1000281,DGFS0022,2025-08-16T14:12:00,2025-08-16T15:30:00,primary
1000282,DGFS0021,2024-09-20T08:17:00,2024-09-20T10:30:00,primary
1000283,DGFS0020,2023-10-05T08:49:00,2023-10-05T10:30:00,primary
1000284,DGFS0024,2022-12-27T07:38:00,2022-12-27T09:30:00,primary
1000285,DGFS0022,2024-10-29T16:22:00,2024-10-29T18:30:00,primary
1000286,DGFS0024,2023-07-20T13:53:00,2023-07-20T15:30:00,primary
1000287,DGFS0020,2024-12-19T09:05:00,2024-12-19T10:30:00,primary
1000288,DGFS0023,2024-11-21T11:20:00,2024-11-21T14:00:00,primary
1000289,DGFS0011,2022-10-01T11:03:00,2022-10-01T13:30:00,primary
1000290,DGFS0020,2024-07-25T13:11:00,2024-07-25T14:30:00,primary
1000291,DGFS0007,2024-03-24T16:16:00,2024-03-24T18:00:00,primary
1000292,DGFS0006,2025-08-09T12:58:00,2025-08-09T15:30:00,primary
1000293,DGFS0019,2025-05-24T09:06:00,2025-05-24T10:30:00,primary
1000294,DGFS0009,2023-07-21T15:39:00,2023-07-21T17:00:00,primary
1000295,DGFS0017,2022-10-31T08:47:00,2022-10-31T11:30:00,primary
1000296,DGFS0011,2024-12-05T14:02:00,2024-12-05T15:30:00,primary
1000297,DGFS0006,2024-08-16T15:09:00,2024-08-16T16:30:00,primary
1000298,DGFS0011,2024-09-27T13:12:00,2024-09-27T14:30:00,primary
1000299,DGFS0012,2024-04-05T12:36:00,2024-04-05T14:30:00,primary
1000300,DGFS0017,2025-05-06T09:15:00,2025-05-06T10:30:00,primary
1000301,DGFS0023,2024-09-28T16:14:00,2024-09-28T17:30:00,primary
1000302,DGFM0002,2024-06-26T15:35:00,2024-06-26T17:30:00,primary
1000303,DGFS0024,2024-03-24T17:00:00,2024-03-24T18:00:00,primary
1000304,DGFS0019,2025-07-08T11:09:00,2025-07-08T13:30:00,primary
1000305,DGFS0022,2024-04-12T14:40:00,2024-04-12T17:30:00,primary
1000306,DGFS0005,2024-03-17T15:38:00,2024-03-17T18:00:00,primary
1000307,DGFS0020,2022-12-24T11:26:00,2022-12-24T14:30:00,primary
1000308,DGFS0002,2025-01-18T15:29:00,2025-01-18T16:30:00,primary
1000309,DGFS0021,2022-12-09T14:57:00,2022-12-09T16:00:00,primary
1000310,DGFM0001,2023-01-09T10:49:00,2023-01-09T12:30:00,primary
1000311,DGFS0019,2025-06-29T15:28:00,2025-06-29T17:30:00,primary
1000312,DGFM0001,2024-10-02T14:33:00,2024-10-02T17:00:00,primary
1000313,DGFS0018,2023-09-15T07:53:00,2023-09-15T11:30:00,primary
1000314,DGFS0025,2025-07-20T16:02:00,2025-07-20T17:30:00,primary
1000315,DGFS0003,2025-01-24T12:21:00,2025-01-24T15:30:00,primary
1000316,DGFS0002,2025-02-05T14:41:00,2025-02-05T16:30:00,primary
1000317,DGFS0008,2023-05-12T09:25:00,2023-05-12T11:30:00,primary
1000318,DGFS0019,2023-08-09T12:14:00,2023-08-09T14:30:00,primary
1000319,DGFS0021,2023-06-14T16:30:00,2023-06-14T18:30:00,primary
1000320,DGFM0005,2024-07-08T13:54:00,2024-07-08T16:00:00,primary
1000321,DGFS0010,2025-06-30T14:17:00,2025-06-30T15:30:00,primary
1000322,DGFS0003,2024-06-03T10:52:00,2024-06-03T12:00:00,primary
1000323,DGFS0021,2024-12-08T12:55:00,2024-12-08T14:30:00,primary
1000324,DGFS0006,2024-01-31T15:06:00,2024-01-31T16:30:00,primary
1000325,DGFM0001,2023-09-24T09:13:00,2023-09-24T10:30:00,primary
1000326,DGFS0022,2023-01-20T15:22:00,2023-01-20T16:30:00,primary
1000327,DGFS0020,2024-03-21T12:49:00,2024-03-21T14:00:00,primary
1000328,DGFS0024,2022-09-01T15:22:00,2022-09-01T17:00:00,primary
1000329,DGFS0001,2025-08-11T09:52:00,2025-08-11T11:30:00,primary
1000330,DGFS0002,2024-09-04T15:47:00,2024-09-04T17:30:00,primary
1000331,DGFM0002,2025-04-21T15:51:00,2025-04-21T17:30:00,primary
1000332,DGFS0002,2023-11-05T16:12:00,2023-11-05T17:30:00,primary
1000333,DGFS0015,2025-06-09T08:54:00,2025-06-09T10:30:00,primary
1000334,DGFS0019,2025-08-25T11:42:00,2025-08-25T15:30:00,primary
1000335,DGFS0009,2023-04-04T14:20:00,2023-04-04T16:00:00,primary
1000336,DGFS0013,2023-02-27T15:20:00,2023-02-27T18:00:00,primary
1000337,DGFS0020,2024-05-02T14:09:00,2024-05-02T16:00:00,primary
1000338,DGFS0015,2023-03-18T08:52:00,2023-03-18T11:30:00,primary
1000339,DGFS0004,2023-09-17T14:30:00,2023-09-17T15:30:00,primary
1000340,DGFS0003,2024-08-13T15:46:00,2024-08-13T18:30:00,primary
1000341,DGFS0008,2025-02-08T15:42:00,2025-02-08T18:00:00,primary
1000342,DGFS0013,2024-12-05T14:39:00,2024-12-05T16:30:00,primary
1000343,DGFM0001,2025-03-28T11:39:00,2025-03-28T13:30:00,primary
1000344,DGFS0022,2024-06-23T16:12:00,2024-06-23T17:30:00,primary
1000345,DGFS0019,2025-01-17T12:29:00,2025-01-17T13:30:00,primary
1000346,DGFS0012,2023-11-09T16:26:00,2023-11-09T18:30:00,primary
1000347,DGFS0009,2023-02-21T13:10:00,2023-02-21T15:00:00,primary
1000348,DGFS0008,2023-01-13T10:14:00,2023-01-13T13:30:00,primary
1000349,DGFS0016,2024-05-28T09:41:00,2024-05-28T13:30:00,primary
1000350,DGFS0015,2023-03-02T11:49:00,2023-03-02T13:30:00,primary
1000351,DGFM0005,2024-08-13T16:54:00,2024-08-13T18:00:00,primary
1000352,DGFS0017,2024-11-09T11:42:00,2024-11-09T13:00:00,primary
1000353,DGFS0013,2023-06-09T10:31:00,2023-06-09T12:00:00,primary
1000354,DGFS0021,2023-12-22T09:50:00,2023-12-22T12:30:00,primary
1000355,DGFS0008,2024-04-29T15:07:00,2024-04-29T17:00:00,primary
1000356,DGFS0017,2024-09-06T14:07:00,2024-09-06T16:30:00,primary
1000357,DGFS0003,2024-09-24T11:08:00,2024-09-24T12:30:00,primary
1000358,DGFS0020,2024-07-04T11:59:00,2024-07-04T13:30:00,primary
1000359,DGFM0001,2022-10-27T10:16:00,2022-10-27T11:30:00,primary
1000360,DGFM0003,2023-03-26T11:41:00,2023-03-26T14:00:00,primary
1000361,DGFS0006,2025-03-10T14:54:00,2025-03-10T16:30:00,primary
1000362,DGFS0004,2025-02-02T09:05:00,2025-02-02T10:30:00,primary
1000363,DGFS0016,2025-06-04T09:40:00,2025-06-04T11:00:00,primary
1000364,DGFS0014,2024-03-10T08:29:00,2024-03-10T10:30:00,primary
1000365,DGFS0010,2024-12-10T14:41:00,2024-12-10T17:30:00,primary
1000366,DGFS0021,2025-07-17T14:54:00,2025-07-17T16:00:00,primary
1000367,DGFS0015,2025-01-13T16:22:00,2025-01-13T17:30:00,primary
1000368,DGFS0001,2025-01-17T07:36:00,2025-01-17T10:30:00,primary
1000369,DGFS0009,2023-07-17T16:03:00,2023-07-17T18:00:00,primary
1000370,DGFS0008,2023-01-01T15:09:00,2023-01-01T16:30:00,primary
1000371,DGFS0008,2025-05-26T15:38:00,2025-05-26T17:30:00,primary
1000372,DGFS0019,2023-04-21T17:03:00,2023-04-21T18:30:00,primary
1000373,DGFS0015,2025-08-17T10:30:00,2025-08-17T11:30:00,primary
1000374,DGFS0009,2024-07-29T16:30:00,2024-07-29T17:30:00,primary
1000375,DGFS0022,2025-02-13T08:06:00,2025-02-13T09:30:00,primary
1000376,DGFS0024,2023-09-16T12:02:00,2023-09-16T14:30:00,primary
1000377,DGFM0001,2024-09-06T09:41:00,2024-09-06T11:00:00,primary
1000378,DGFS0024,2024-11-08T09:01:00,2024-11-08T10:30:00,primary
1000379,DGFS0007,2025-06-22T15:24:00,2025-06-22T17:30:00,primary
1000380,DGFS0011,2024-07-19T17:11:00,2024-07-19T18:30:00,primary
1000381,DGFS0008,2022-10-08T16:29:00,2022-10-08T18:30:00,primary
1000382,DGFS0014,2025-04-12T11:24:00,2025-04-12T13:30:00,primary
1000383,DGFS0024,2023-12-21T08:57:00,2023-12-21T10:30:00,primary
1000384,DGFS0017,2024-02-07T15:58:00,2024-02-07T18:30:00,primary
1000385,DGFS0015,2023-03-11T13:18:00,2023-03-11T15:00:00,primary
1000386,DGFS0015,2025-05-27T14:28:00,2025-05-27T15:30:00,primary
1000387,DGFS0011,2024-06-16T14:07:00,2024-06-16T16:30:00,primary
1000388,DGFS0002,2024-03-31T09:36:00,2024-03-31T11:30:00,primary
1000389,DGFM0005,2024-05-14T13:40:00,2024-05-14T17:30:00,primary
1000390,DGFM0004,2023-12-03T09:20:00,2023-12-03T10:30:00,primary
1000391,DGFS0012,2022-09-16T09:41:00,2022-09-16T11:30:00,primary
1000392,DGFS0008,2024-03-22T14:24:00,2024-03-22T15:30:00,primary
1000393,DGFS0008,2025-01-13T12:59:00,2025-01-13T14:30:00,primary
1000394,DGFS0025,2024-12-19T11:01:00,2024-12-19T12:30:00,primary
1000395,DGFS0023,2023-08-03T15:22:00,2023-08-03T18:00:00,primary
1000396,DGFS0023,2025-01-12T09:45:00,2025-01-12T11:30:00,primary
1000397,DGFM0005,2024-09-21T11:34:00,2024-09-21T13:00:00,primary
1000398,DGFS0009,2022-12-25T09:19:00,2022-12-25T10:30:00,primary
1000399,DGFS0024,2023-03-30T14:52:00,2023-03-30T16:30:00,primary
1000400,DGFS0022,2024-09-27T09:22:00,2024-09-27T11:00:00,primary
1000401,DGFS0023,2023-11-16T16:07:00,2023-11-16T18:30:00,primary
1000402,DGFS0007,2023-06-03T08:57:00,2023-06-03T11:30:00,primary
1000403,DGFS0004,2024-09-13T09:17:00,2024-09-13T10:30:00,primary
1000404,DGFS0009,2022-10-10T11:27:00,2022-10-10T12:30:00,primary
1000405,DGFM0003,2022-11-17T16:14:00,2022-11-17T18:30:00,primary
1000406,DGFM0003,2022-12-04T12:35:00,2022-12-04T14:00:00,primary
1000407,DGFS0001,2024-10-13T10:00:00,2024-10-13T11:00:00,primary
1000408,DGFS0001,2024-10-27T12:24:00,2024-10-27T14:00:00,primary
1000409,DGFS0007,2024-05-19T12:37:00,2024-05-19T15:30:00,primary
1000410,DGFS0004,2024-03-27T12:28:00,2024-03-27T14:30:00,primary
1000411,DGFS0023,2022-12-19T11:13:00,2022-12-19T14:30:00,primary
1000412,DGFS0018,2024-12-21T10:49:00,2024-12-21T12:30:00,primary
1000413,DGFM0002,2022-09-10T15:22:00,2022-09-10T16:30:00,primary
1000414,DGFM0002,2024-01-02T07:35:00,2024-01-02T09:30:00,primary
1000415,DGFS0022,2025-06-01T13:04:00,2025-06-01T15:30:00,primary
1000416,DGFS0010,2023-08-24T12:52:00,2023-08-24T15:30:00,primary
1000417,DGFS0013,2023-05-22T16:05:00,2023-05-22T17:30:00,primary
1000418,DGFS0005,2024-11-14T15:22:00,2024-11-14T18:00:00,primary
1000419,DGFS0009,2022-09-13T10:55:00,2022-09-13T12:00:00,primary
1000420,DGFS0006,2025-03-28T12:58:00,2025-03-28T15:00:00,primary
1000421,DGFS0018,2023-05-26T14:40:00,2023-05-26T17:30:00,primary
1000422,DGFS0003,2024-05-03T12:39:00,2024-05-03T15:00:00,primary
1000423,DGFS0016,2025-08-22T14:57:00,2025-08-22T16:30:00,primary
1000424,DGFS0016,2025-08-24T15:39:00,2025-08-24T17:30:00,primary
1000425,DGFS0016,2025-08-04T17:29:00,2025-08-04T18:30:00,primary
1000426,DGFM0002,2024-02-24T10:19:00,2024-02-24T11:30:00,primary
1000427,DGFS0008,2023-09-20T12:12:00,2023-09-20T13:30:00,primary
1000428,DGFS0025,2024-08-21T13:45:00,2024-08-21T16:30:00,primary
1000429,DGFS0001,2024-03-13T07:43:00,2024-03-13T10:30:00,primary
1000430,DGFS0003,2024-03-06T15:58:00,2024-03-06T18:30:00,primary
1000431,DGFS0024,2023-07-01T09:56:00,2023-07-01T12:30:00,primary
1000432,DGFM0003,2024-10-15T12:07:00,2024-10-15T14:00:00,primary
1000433,DGFS0013,2024-01-04T10:37:00,2024-01-04T12:30:00,primary
1000434,DGFS0005,2024-09-13T09:19:00,2024-09-13T10:30:00,primary
1000435,DGFS0016,2024-01-04T08:38:00,2024-01-04T11:30:00,primary
1000436,DGFS0009,2022-10-13T11:38:00,2022-10-13T14:30:00,primary
1000437,DGFS0009,2023-11-17T15:25:00,2023-11-17T16:30:00,primary
1000438,DGFM0005,2023-01-10T15:52:00,2023-01-10T18:30:00,primary
1000439,DGFS0007,2023-07-09T13:50:00,2023-07-09T15:30:00,primary
1000440,DGFM0001,2024-11-22T09:04:00,2024-11-22T10:30:00,primary
1000441,DGFS0016,2023-02-16T08:50:00,2023-02-16T10:00:00,primary
1000442,DGFS0002,2025-08-28T08:59:00,2025-08-28T11:30:00,primary
1000443,DGFS0007,2023-12-19T12:53:00,2023-12-19T14:30:00,primary
1000444,DGFS0007,2024-08-11T10:39:00,2024-08-11T12:00:00,primary
1000445,DGFS0009,2023-11-17T10:30:00,2023-11-17T12:30:00,primary
1000446,DGFS0018,2024-05-17T11:49:00,2024-05-17T14:00:00,primary
1000447,DGFS0016,2024-08-12T07:37:00,2024-08-12T10:00:00,primary
1000448,DGFS0011,2023-06-27T09:20:00,2023-06-27T11:30:00,primary
1000449,DGFS0004,2024-03-28T08:39:00,2024-03-28T10:30:00,primary
1000450,DGFS0014,2025-07-21T14:53:00,2025-07-21T16:30:00,primary
1000451,DGFS0023,2023-08-02T08:45:00,2023-08-02T10:30:00,primary
1000452,DGFM0005,2024-12-12T14:08:00,2024-12-12T16:00:00,primary
1000453,DGFS0010,2024-11-27T08:30:00,2024-11-27T10:00:00,primary
1000454,DGFS0004,2023-08-08T17:26:00,2023-08-08T18:30:00,primary
1000455,DGFS0007,2025-06-21T09:12:00,2025-06-21T12:00:00,primary
1000456,DGFS0002,2023-08-15T12:06:00,2023-08-15T13:30:00,primary
1000457,DGFS0013,2024-10-25T15:46:00,2024-10-25T17:30:00,primary
1000458,DGFS0025,2025-03-25T13:50:00,2025-03-25T16:30:00,primary
1000459,DGFS0010,2025-02-19T11:10:00,2025-02-19T12:30:00,primary
1000460,DGFS0010,2023-11-26T16:15:00,2023-11-26T18:30:00,primary
1000461,DGFS0012,2023-12-09T16:30:00,2023-12-09T17:30:00,primary
1000462,DGFS0002,2024-01-19T07:55:00,2024-01-19T09:30:00,primary
1000463,DGFS0004,2024-07-06T10:55:00,2024-07-06T12:30:00,primary
1000464,DGFS0019,2023-07-08T08:51:00,2023-07-08T10:00:00,primary
1000465,DGFS0008,2024-07-18T15:12:00,2024-07-18T17:00:00,primary
1000466,DGFS0024,2023-10-21T11:21:00,2023-10-21T13:30:00,primary
1000467,DGFS0008,2022-11-29T09:18:00,2022-11-29T11:30:00,primary
1000468,DGFS0017,2023-06-30T12:15:00,2023-06-30T14:30:00,primary
1000469,DGFM0002,2023-06-01T16:23:00,2023-06-01T17:30:00,primary
1000470,DGFM0001,2024-11-26T13:14:00,2024-11-26T15:30:00,primary
1000471,DGFS0007,2023-09-03T07:44:00,2023-09-03T09:30:00,primary
1000472,DGFS0024,2024-04-22T09:37:00,2024-04-22T13:30:00,primary
1000473,DGFS0008,2022-11-01T08:30:00,2022-11-01T09:30:00,primary
1000474,DGFS0003,2024-12-12T08:28:00,2024-12-12T10:00:00,primary
1000475,DGFS0025,2023-06-29T13:55:00,2023-06-29T16:00:00,primary
1000476,DGFS0005,2025-01-03T13:59:00,2025-01-03T15:30:00,primary
1000477,DGFS0004,2024-08-06T13:17:00,2024-08-06T14:30:00,primary
1000478,DGFS0012,2024-05-17T13:22:00,2024-05-17T15:30:00,primary
1000479,DGFS0024,2024-06-22T13:07:00,2024-06-22T14:30:00,primary
1000480,DGFS0020,2023-12-06T08:45:00,2023-12-06T10:30:00,primary
1000481,DGFM0004,2025-04-02T11:45:00,2025-04-02T13:30:00,primary
1000482,DGFM0001,2024-11-08T13:47:00,2024-11-08T15:30:00,primary
1000483,DGFS0025,2024-07-19T15:00:00,2024-07-19T17:30:00,primary
1000484,DGFM0002,2025-05-17T17:28:00,2025-05-17T18:30:00,primary
1000485,DGFS0018,2023-03-16T12:40:00,2023-03-16T14:00:00,primary
1000486,DGFS0006,2024-03-27T09:55:00,2024-03-27T11:30:00,primary
1000487,DGFM0004,2024-01-08T12:07:00,2024-01-08T13:30:00,primary
1000488,DGFS0010,2023-04-01T16:11:00,2023-04-01T17:30:00,primary
1000489,DGFS0007,2022-09-17T09:23:00,2022-09-17T10:30:00,primary
1000490,DGFM0004,2024-06-01T13:50:00,2024-06-01T17:30:00,primary
1000491,DGFS0020,2024-09-06T11:47:00,2024-09-06T13:30:00,primary
1000492,DGFS0014,2024-03-07T13:51:00,2024-03-07T15:30:00,primary
1000493,DGFS0016,2025-08-06T11:15:00,2025-08-06T13:00:00,primary
1000494,DGFS0012,2023-03-02T11:52:00,2023-03-02T14:00:00,primary
1000495,DGFS0022,2025-08-25T12:56:00,2025-08-25T15:30:00,primary
1000496,DGFS0010,2025-05-29T09:01:00,2025-05-29T10:30:00,primary
1000497,DGFS0009,2023-05-31T10:13:00,2023-05-31T11:30:00,primary
1000498,DGFS0025,2023-03-11T08:02:00,2023-03-11T10:00:00,primary
1000499,DGFS0019,2024-09-17T13:16:00,2024-09-17T16:30:00,primary
1000500,DGFS0017,2024-09-29T10:04:00,2024-09-29T11:40:00,primary
1000501,DGFM0001,2023-10-13T15:48:00,2023-10-13T18:40:00,primary
1000502,DGFS0024,2022-12-20T17:06:00,2022-12-20T18:40:00,primary
1000503,DGFM0002,2024-10-27T16:22:00,2024-10-27T17:40:00,primary
1000504,DGFS0009,2024-05-26T10:19:00,2024-05-26T11:40:00,primary
1000505,DGFS0017,2024-07-03T08:48:00,2024-07-03T10:40:00,primary
1000506,DGFS0014,2023-08-13T15:09:00,2023-08-13T16:40:00,primary
1000507,DGFS0010,2023-07-25T08:31:00,2023-07-25T10:40:00,primary
1000508,DGFS0023,2023-09-27T10:32:00,2023-09-27T11:40:00,primary
1000509,DGFS0023,2024-10-13T15:53:00,2024-10-13T17:40:00,primary
1000510,DGFS0010,2023-09-25T11:52:00,2023-09-25T13:40:00,primary
1000511,DGFS0009,2023-05-26T13:20:00,2023-05-26T15:40:00,primary
1000512,DGFS0018,2022-12-20T12:31:00,2022-12-20T14:40:00,primary
1000513,DGFS0012,2025-02-20T14:10:00,2025-02-20T15:40:00,primary
1000514,DGFS0008,2025-06-06T14:36:00,2025-06-06T16:40:00,primary
1000515,DGFS0022,2024-04-12T16:27:00,2024-04-12T18:40:00,primary
1000516,DGFS0020,2023-02-07T09:39:00,2023-02-07T10:40:00,primary
1000517,DGFS0021,2025-03-13T11:23:00,2025-03-13T12:40:00,primary
1000518,DGFS0011,2023-04-10T10:04:00,2023-04-10T11:40:00,primary
1000519,DGFM0001,2024-02-16T10:29:00,2024-02-16T12:40:00,primary
1000520,DGFM0003,2025-02-11T13:10:00,2025-02-11T15:40:00,primary
1000521,DGFS0002,2023-05-17T14:34:00,2023-05-17T15:40:00,primary
1000522,DGFS0025,2025-05-08T10:34:00,2025-05-08T11:40:00,primary
1000523,DGFS0003,2022-09-07T11:29:00,2022-09-07T14:40:00,primary
1000524,DGFS0015,2024-10-15T17:19:00,2024-10-15T18:40:00,primary
1000525,DGFS0008,2025-01-03T16:16:00,2025-01-03T18:40:00,primary
1000526,DGFM0002,2024-08-20T15:28:00,2024-08-20T16:40:00,primary
1000527,DGFS0015,2025-03-06T08:31:00,2025-03-06T10:40:00,primary
1000528,DGFS0018,2023-09-03T13:18:00,2023-09-03T14:40:00,primary
1000529,DGFS0011,2023-10-04T08:54:00,2023-10-04T10:40:00,primary
1000530,DGFS0020,2023-09-14T08:27:00,2023-09-14T10:40:00,primary
1000531,DGFS0004,2023-01-20T12:32:00,2023-01-20T13:40:00,primary
1000532,DGFS0001,2025-08-08T11:00:00,2025-08-08T13:40:00,primary
1000533,DGFS0018,2025-02-15T13:52:00,2025-02-15T15:40:00,primary
1000534,DGFS0013,2023-05-29T09:52:00,2023-05-29T12:40:00,primary
1000535,DGFS0013,2025-06-09T11:22:00,2025-06-09T12:40:00,primary
1000536,DGFS0017,2024-07-18T11:15:00,2024-07-18T12:40:00,primary
1000537,DGFS0001,2023-03-05T10:21:00,2023-03-05T11:40:00,primary
1000538,DGFS0019,2024-12-30T12:06:00,2024-12-30T13:40:00,primary
1000539,DGFS0002,2023-03-15T12:45:00,2023-03-15T15:40:00,primary
1000540,DGFS0025,2025-01-20T11:24:00,2025-01-20T13:40:00,primary
1000541,DGFS0023,2024-11-25T10:53:00,2024-11-25T13:40:00,primary
1000542,DGFS0022,2022-12-25T08:31:00,2022-12-25T09:40:00,primary
1000543,DGFS0006,2025-05-05T10:13:00,2025-05-05T11:40:00,primary
1000544,DGFS0002,2024-05-31T15:22:00,2024-05-31T16:40:00,primary
1000545,DGFS0015,2023-08-30T11:21:00,2023-08-30T12:40:00,primary
1000546,DGFS0022,2024-03-31T16:34:00,2024-03-31T17:40:00,primary
1000547,DGFS0014,2023-11-14T15:31:00,2023-11-14T16:40:00,primary
1000548,DGFS0010,2025-05-10T14:26:00,2025-05-10T15:40:00,primary
1000549,DGFS0003,2025-08-29T13:33:00,2025-08-29T14:40:00,primary
1000550,DGFS0003,2024-01-09T15:31:00,2024-01-09T16:40:00,primary
1000551,DGFS0019,2024-05-30T16:55:00,2024-05-30T18:40:00,primary
1000552,DGFS0004,2024-09-20T14:02:00,2024-09-20T17:40:00,primary
1000553,DGFS0015,2025-05-08T11:07:00,2025-05-08T14:40:00,primary
1000554,DGFS0011,2024-12-10T09:24:00,2024-12-10T10:40:00,primary
1000555,DGFM0004,2024-02-02T15:18:00,2024-02-02T16:40:00,primary
1000556,DGFS0016,2024-02-16T10:16:00,2024-02-16T11:40:00,primary
1000557,DGFS0005,2025-04-27T17:05:00,2025-04-27T18:40:00,primary
1000558,DGFM0001,2024-09-17T11:59:00,2024-09-17T14:40:00,primary
1000559,DGFS0005,2024-03-17T14:48:00,2024-03-17T16:40:00,primary
1000560,DGFS0023,2024-05-07T14:59:00,2024-05-07T18:40:00,primary
1000561,DGFS0014,2023-09-14T15:30:00,2023-09-14T16:40:00,primary
1000562,DGFS0001,2024-07-24T13:12:00,2024-07-24T15:40:00,primary
1000563,DGFM0001,2025-01-04T11:15:00,2025-01-04T12:40:00,primary
1000564,DGFS0008,2023-06-01T12:05:00,2023-06-01T13:40:00,primary
1000565,DGFS0004,2025-08-29T17:40:00,2025-08-29T18:40:00,primary
1000566,DGFM0004,2024-01-18T08:50:00,2024-01-18T10:40:00,primary
1000567,DGFS0001,2022-09-28T09:24:00,2022-09-28T10:40:00,primary
1000568,DGFS0020,2024-03-07T12:21:00,2024-03-07T14:40:00,primary
1000569,DGFM0005,2022-10-19T16:09:00,2022-10-19T17:40:00,primary
1000570,DGFS0025,2023-09-17T12:53:00,2023-09-17T14:40:00,primary
1000571,DGFM0004,2023-11-02T08:12:00,2023-11-02T10:40:00,primary
1000572,DGFS0018,2024-08-05T16:13:00,2024-08-05T17:40:00,primary
1000573,DGFS0009,2025-05-27T09:05:00,2025-05-27T10:40:00,primary
1000574,DGFS0010,2024-02-05T13:48:00,2024-02-05T15:40:00,primary
1000575,DGFS0019,2023-11-01T12:04:00,2023-11-01T13:40:00,primary
1000576,DGFS0007,2022-10-28T13:58:00,2022-10-28T15:40:00,primary
1000577,DGFS0016,2025-05-24T09:46:00,2025-05-24T12:40:00,primary
1000578,DGFS0012,2024-01-26T11:07:00,2024-01-26T13:40:00,primary
1000579,DGFS0020,2022-11-24T17:29:00,2022-11-24T18:40:00,primary
1000580,DGFS0006,2023-05-11T14:36:00,2023-05-11T17:40:00,primary
1000581,DGFS0002,2025-06-16T12:51:00,2025-06-16T15:40:00,primary
1000582,DGFM0001,2022-10-01T11:11:00,2022-10-01T13:40:00,primary
1000583,DGFM0001,2023-06-04T13:11:00,2023-06-04T14:40:00,primary
1000584,DGFM0001,2025-04-19T10:47:00,2025-04-19T14:40:00,primary
1000585,DGFS0016,2024-07-15T11:08:00,2024-07-15T14:40:00,primary
1000586,DGFS0019,2024-06-25T12:56:00,2024-06-25T14:40:00,primary
1000587,DGFM0004,2023-10-13T09:10:00,2023-10-13T12:40:00,primary
1000588,DGFS0023,2025-07-29T09:52:00,2025-07-29T12:40:00,primary
1000589,DGFS0010,2022-11-19T11:01:00,2022-11-19T14:40:00,primary
1000590,DGFS0003,2025-04-10T14:39:00,2025-04-10T15:40:00,primary
1000591,DGFS0024,2023-09-04T11:09:00,2023-09-04T12:40:00,primary
1000592,DGFS0005,2023-04-10T17:25:00,2023-04-10T18:40:00,primary
1000593,DGFS0010,2022-11-03T08:54:00,2022-11-03T12:40:00,primary
1000594,DGFS0015,2024-05-03T16:28:00,2024-05-03T18:40:00,primary
1000595,DGFM0001,2023-04-12T11:51:00,2023-04-12T14:40:00,primary
1000596,DGFS0019,2025-04-28T15:56:00,2025-04-28T17:40:00,primary
1000597,DGFS0009,2024-11-16T14:27:00,2024-11-16T15:40:00,primary
1000598,DGFS0008,2023-01-03T15:57:00,2023-01-03T18:40:00,primary
1000599,DGFS0009,2024-03-29T14:13:00,2024-03-29T15:40:00,primary
1000600,DGFS0016,2025-04-27T19:05:00,2025-04-27T22:00:00,primary
1000601,DGFS0003,2025-08-31T19:49:00,2025-08-31T23:00:00,primary
1000602,DGFS0004,2022-10-04T19:58:00,2022-10-04T21:00:00,primary
1000603,DGFS0017,2023-02-28T19:38:00,2023-02-28T23:00:00,primary
1000604,DGFS0020,2023-10-23T19:53:00,2023-10-23T21:00:00,primary
1000605,DGFS0009,2022-10-20T19:46:00,2022-10-20T23:00:00,primary
1000606,DGFM0003,2023-09-27T19:09:00,2023-09-27T21:00:00,primary
1000607,DGFS0010,2024-06-18T19:30:00,2024-06-18T22:00:00,primary
1000608,DGFS0024,2024-09-15T19:53:00,2024-09-15T22:00:00,primary
1000609,DGFS0021,2023-08-10T19:08:00,2023-08-10T21:00:00,primary
1000610,DGFS0004,2023-01-06T19:17:00,2023-01-06T22:00:00,primary
1000611,DGFS0008,2022-09-03T19:49:00,2022-09-03T21:00:00,primary
1000612,DGFM0003,2023-02-05T19:57:00,2023-02-05T21:00:00,primary
1000613,DGFS0012,2025-08-24T19:14:00,2025-08-24T21:00:00,primary
1000614,DGFS0022,2024-07-16T19:33:00,2024-07-16T22:00:00,primary
1000615,DGFS0017,2023-04-23T19:30:00,2023-04-23T22:00:00,primary
1000616,DGFS0022,2024-09-21T19:33:00,2024-09-21T22:00:00,primary
1000617,DGFM0004,2025-01-05T19:44:00,2025-01-05T23:00:00,primary
1000618,DGFS0010,2024-04-26T19:10:00,2024-04-26T21:00:00,primary
1000619,DGFS0018,2022-12-19T19:23:00,2022-12-19T23:00:00,primary
1000620,DGFM0002,2023-10-22T19:08:00,2023-10-22T22:00:00,primary
1000621,DGFS0006,2025-05-07T19:59:00,2025-05-07T23:00:00,primary
1000622,DGFS0020,2025-07-30T19:31:00,2025-07-30T21:00:00,primary
1000623,DGFS0013,2025-08-11T19:30:00,2025-08-11T22:00:00,primary
1000624,DGFS0021,2023-05-12T19:47:00,2023-05-12T22:00:00,primary
1000625,DGFM0003,2023-05-24T19:07:00,2023-05-24T21:00:00,primary
1000626,DGFS0021,2023-04-22T19:22:00,2023-04-22T21:00:00,primary
1000627,DGFS0017,2025-05-04T19:56:00,2025-05-04T21:00:00,primary
1000628,DGFS0004,2024-06-12T19:13:00,2024-06-12T21:00:00,primary
1000629,DGFS0009,2022-10-07T19:53:00,2022-10-07T21:00:00,primary
1000630,DGFM0001,2023-05-29T19:50:00,2023-05-29T22:00:00,primary
1000631,DGFS0012,2023-11-21T19:19:00,2023-11-21T21:00:00,primary
1000632,DGFS0022,2025-02-28T19:18:00,2025-02-28T23:00:00,primary
1000633,DGFS0024,2022-12-21T19:38:00,2022-12-21T23:00:00,primary
1000634,DGFS0009,2024-12-20T19:57:00,2024-12-20T23:00:00,primary
1000635,DGFM0001,2023-01-02T19:29:00,2023-01-02T21:00:00,primary
1000636,DGFS0021,2025-04-26T19:59:00,2025-04-26T22:00:00,primary
1000637,DGFM0005,2023-03-28T19:59:00,2023-03-28T23:00:00,primary
1000638,DGFM0005,2023-02-26T19:58:00,2023-02-26T21:00:00,primary
1000639,DGFS0007,2022-12-12T19:50:00,2022-12-12T23:00:00,primary
1000640,DGFS0023,2025-04-20T19:50:00,2025-04-20T22:00:00,primary
1000641,DGFS0009,2024-07-19T19:27:00,2024-07-19T23:00:00,primary
1000642,DGFS0005,2023-05-12T19:33:00,2023-05-12T21:00:00,primary
1000643,DGFS0015,2023-10-17T19:11:00,2023-10-17T21:00:00,primary
1000644,DGFS0020,2024-10-16T19:53:00,2024-10-16T22:00:00,primary
1000645,DGFS0003,2022-12-13T19:30:00,2022-12-13T23:00:00,primary
1000646,DGFM0005,2024-04-19T19:34:00,2024-04-19T22:00:00,primary
1000647,DGFS0011,2022-11-10T19:08:00,2022-11-10T23:00:00,primary
1000648,DGFS0024,2023-09-04T19:51:00,2023-09-04T22:00:00,primary
1000649,DGFS0023,2025-04-17T19:37:00,2025-04-17T22:00:00,primary
1000650,DGFM0002,2023-12-29T19:40:00,2023-12-29T21:00:00,primary
1000651,DGFS0022,2022-09-22T19:49:00,2022-09-22T22:00:00,primary
1000652,DGFS0017,2023-10-24T19:40:00,2023-10-24T23:00:00,primary
1000653,DGFS0022,2024-11-30T19:27:00,2024-11-30T22:00:00,primary
1000654,DGFS0018,2024-10-02T19:57:00,2024-10-02T23:00:00,primary
1000655,DGFS0002,2023-01-24T19:46:00,2023-01-24T22:00:00,primary
1000656,DGFS0017,2025-05-12T19:23:00,2025-05-12T21:00:00,primary
1000657,DGFS0007,2025-05-17T19:48:00,2025-05-17T21:00:00,primary
1000658,DGFS0019,2025-04-06T19:13:00,2025-04-06T23:00:00,primary
1000659,DGFS0015,2022-11-03T19:45:00,2022-11-03T23:00:00,primary
1000660,DGFS0008,2025-01-19T19:21:00,2025-01-19T21:00:00,primary
1000661,DGFS0004,2023-02-25T19:05:00,2023-02-25T21:00:00,primary
1000662,DGFS0025,2024-01-07T19:14:00,2024-01-07T21:00:00,primary
1000663,DGFS0006,2024-05-04T19:08:00,2024-05-04T23:00:00,primary
1000664,DGFM0004,2024-07-01T19:22:00,2024-07-01T22:00:00,primary
1000665,DGFS0001,2024-03-05T19:12:00,2024-03-05T22:00:00,primary
1000666,DGFM0003,2023-11-24T19:37:00,2023-11-24T23:00:00,primary
1000667,DGFS0010,2025-03-27T19:49:00,2025-03-27T21:00:00,primary
1000668,DGFS0024,2023-01-05T19:38:00,2023-01-05T21:00:00,primary
1000669,DGFS0015,2025-03-08T19:16:00,2025-03-08T22:00:00,primary
1000670,DGFS0008,2023-06-06T19:09:00,2023-06-06T21:00:00,primary
1000671,DGFM0004,2023-02-20T19:28:00,2023-02-20T23:00:00,primary
1000672,DGFS0024,2023-11-18T19:24:00,2023-11-18T22:00:00,primary
1000673,DGFS0005,2022-11-05T19:39:00,2022-11-05T21:00:00,primary
1000674,DGFS0015,2023-02-02T19:14:00,2023-02-02T23:00:00,primary
1000675,DGFS0022,2023-02-12T19:32:00,2023-02-12T22:00:00,primary
1000676,DGFS0008,2023-04-17T19:56:00,2023-04-17T22:00:00,primary
1000677,DGFS0002,2024-03-31T19:10:00,2024-03-31T21:00:00,primary
1000678,DGFS0020,2024-11-13T19:54:00,2024-11-13T21:00:00,primary
1000679,DGFS0006,2024-02-03T19:07:00,2024-02-03T23:00:00,primary
1000680,DGFS0023,2025-06-11T19:43:00,2025-06-11T22:00:00,primary
1000681,DGFS0005,2024-07-26T19:13:00,2024-07-26T23:00:00,primary
1000682,DGFS0002,2023-11-30T19:21:00,2023-11-30T22:00:00,primary
1000683,DGFS0003,2022-10-11T19:24:00,2022-10-11T22:00:00,primary
1000684,DGFM0002,2024-08-16T19:23:00,2024-08-16T23:00:00,primary
1000685,DGFS0008,2024-03-10T19:31:00,2024-03-10T22:00:00,primary
1000686,DGFS0016,2024-06-01T20:00:00,2024-06-01T23:00:00,primary
1000687,DGFS0001,2024-01-15T19:28:00,2024-01-15T22:00:00,primary
1000688,DGFS0008,2025-08-26T19:33:00,2025-08-26T23:00:00,primary
1000689,DGFS0025,2024-02-29T19:40:00,2024-02-29T23:00:00,primary
1000690,DGFM0002,2023-10-20T19:05:00,2023-10-20T23:00:00,primary
1000691,DGFS0012,2024-01-25T19:15:00,2024-01-25T22:00:00,primary
1000692,DGFS0001,2024-02-21T19:43:00,2024-02-21T23:00:00,primary
1000693,DGFS0002,2022-11-09T19:11:00,2022-11-09T22:00:00,primary
1000694,DGFM0002,2024-12-10T19:31:00,2024-12-10T21:00:00,primary
1000695,DGFM0003,2023-08-21T19:26:00,2023-08-21T22:00:00,primary
1000696,DGFS0016,2025-06-22T19:13:00,2025-06-22T22:00:00,primary
1000697,DGFS0024,2022-09-29T19:31:00,2022-09-29T21:00:00,primary
1000698,DGFS0015,2025-08-19T19:52:00,2025-08-19T22:00:00,primary
1000699,DGFS0004,2025-05-02T19:26:00,2025-05-02T23:00:00,primary
1000700,DGFS0019,2024-01-16T19:40:00,2024-01-16T21:00:00,primary
1000701,DGFS0004,2024-09-29T20:00:00,2024-09-29T23:00:00,primary
1000702,DGFS0001,2025-05-07T19:29:00,2025-05-07T21:00:00,primary
1000703,DGFS0021,2023-02-23T19:53:00,2023-02-23T23:00:00,primary
1000704,DGFS0020,2024-10-25T19:26:00,2024-10-25T23:00:00,primary
1000705,DGFS0011,2024-04-26T19:15:00,2024-04-26T23:00:00,primary
1000706,DGFS0001,2024-06-14T19:07:00,2024-06-14T21:00:00,primary
1000707,DGFS0009,2024-11-05T19:18:00,2024-11-05T21:00:00,primary
1000708,DGFM0005,2025-03-23T19:59:00,2025-03-23T22:00:00,primary
1000709,DGFS0024,2024-12-26T19:21:00,2024-12-26T23:00:00,primary
1000710,DGFS0020,2023-07-18T19:30:00,2023-07-18T22:00:00,primary
1000711,DGFS0022,2023-04-27T19:12:00,2023-04-27T21:00:00,primary
1000712,DGFS0019,2025-05-03T19:20:00,2025-05-03T21:00:00,primary
1000713,DGFS0014,2024-12-03T19:25:00,2024-12-03T23:00:00,primary
1000714,DGFS0012,2022-09-09T19:48:00,2022-09-09T21:00:00,primary
1000715,DGFM0002,2025-03-07T19:20:00,2025-03-07T21:00:00,primary
1000716,DGFS0011,2025-04-01T19:43:00,2025-04-01T22:00:00,primary
1000717,DGFS0025,2024-09-25T19:27:00,2024-09-25T22:00:00,primary
1000718,DGFS0002,2024-07-09T19:50:00,2024-07-09T22:00:00,primary
1000719,DGFS0006,2023-09-27T19:23:00,2023-09-27T21:00:00,primary
1000720,DGFM0002,2025-05-16T19:25:00,2025-05-16T23:00:00,primary
1000721,DGFS0013,2023-04-16T19:49:00,2023-04-16T23:00:00,primary
1000722,DGFS0009,2024-07-30T19:20:00,2024-07-30T22:00:00,primary
1000723,DGFS0009,2025-08-07T19:54:00,2025-08-07T21:00:00,primary
1000724,DGFM0005,2025-04-20T19:13:00,2025-04-20T21:00:00,primary
1000725,DGFS0019,2025-05-17T19:25:00,2025-05-17T21:00:00,primary
1000726,DGFS0019,2024-01-11T19:45:00,2024-01-11T23:00:00,primary
1000727,DGFS0008,2025-01-07T19:40:00,2025-01-07T21:00:00,primary
1000728,DGFS0020,2025-04-15T19:31:00,2025-04-15T23:00:00,primary
1000729,DGFS0017,2025-01-15T19:30:00,2025-01-15T23:00:00,primary
1000730,DGFS0019,2025-03-29T19:31:00,2025-03-29T21:00:00,primary
1000731,DGFM0003,2023-02-23T19:34:00,2023-02-23T22:00:00,primary
1000732,DGFS0008,2025-01-24T19:13:00,2025-01-24T21:00:00,primary
1000733,DGFS0002,2023-04-03T19:59:00,2023-04-03T22:00:00,primary
1000734,DGFS0009,2025-01-17T19:58:00,2025-01-17T21:00:00,primary
1000735,DGFS0018,2023-03-26T19:53:00,2023-03-26T22:00:00,primary
1000736,DGFS0012,2025-08-22T19:55:00,2025-08-22T23:00:00,primary
1000737,DGFS0025,2024-01-28T19:25:00,2024-01-28T23:00:00,primary
1000738,DGFS0006,2024-12-31T19:16:00,2024-12-31T21:00:00,primary
1000739,DGFS0005,2024-03-19T19:47:00,2024-03-19T22:00:00,primary
1000740,DGFM0005,2025-01-26T19:11:00,2025-01-26T22:00:00,primary
1000741,DGFS0013,2022-11-22T19:27:00,2022-11-22T23:00:00,primary
1000742,DGFS0011,2023-07-02T19:18:00,2023-07-02T22:00:00,primary
1000743,DGFS0020,2023-12-14T20:00:00,2023-12-14T23:00:00,primary
1000744,DGFS0023,2024-10-25T19:15:00,2024-10-25T23:00:00,primary
1000745,DGFS0004,2024-02-24T19:35:00,2024-02-24T22:00:00,primary
1000746,DGFS0004,2024-12-24T19:26:00,2024-12-24T23:00:00,primary
1000747,DGFS0001,2024-01-08T19:38:00,2024-01-08T23:00:00,primary
1000748,DGFS0005,2022-10-28T19:55:00,2022-10-28T23:00:00,primary
1000749,DGFS0002,2023-08-16T19:09:00,2023-08-16T23:00:00,primary
1000750,DGFS0017,2024-03-28T19:40:00,2024-03-28T21:00:00,primary
1000751,DGFS0001,2022-10-05T19:14:00,2022-10-05T22:00:00,primary
1000752,DGFM0001,2024-08-07T19:45:00,2024-08-07T22:00:00,primary
1000753,DGFS0014,2023-01-01T19:47:00,2023-01-01T21:00:00,primary
1000754,DGFM0005,2024-01-12T19:15:00,2024-01-12T23:00:00,primary
1000755,DGFS0019,2025-05-13T19:56:00,2025-05-13T21:00:00,primary
1000756,DGFM0002,2023-09-13T19:40:00,2023-09-13T23:00:00,primary
1000757,DGFS0020,2023-09-06T19:38:00,2023-09-06T23:00:00,primary
1000758,DGFS0020,2023-03-31T19:47:00,2023-03-31T21:00:00,primary
1000759,DGFM0002,2024-09-06T19:59:00,2024-09-06T21:00:00,primary
1000760,DGFS0022,2025-04-29T19:45:00,2025-04-29T23:00:00,primary
1000761,DGFS0022,2024-07-05T19:22:00,2024-07-05T21:00:00,primary
1000762,DGFS0007,2024-07-02T19:32:00,2024-07-02T22:00:00,primary
1000763,DGFS0003,2023-06-02T19:11:00,2023-06-02T23:00:00,primary
1000764,DGFS0015,2023-03-23T19:19:00,2023-03-23T22:00:00,primary
1000765,DGFS0008,2023-09-26T19:15:00,2023-09-26T22:00:00,primary
1000766,DGFS0020,2023-09-03T19:33:00,2023-09-03T23:00:00,primary
1000767,DGFS0010,2022-12-05T19:20:00,2022-12-05T22:00:00,primary
1000768,DGFM0005,2023-10-01T20:00:00,2023-10-01T21:00:00,primary
1000769,DGFS0004,2023-03-04T19:22:00,2023-03-04T23:00:00,primary
1000770,DGFM0004,2024-03-28T19:44:00,2024-03-28T21:00:00,primary
1000771,DGFS0019,2025-01-02T19:23:00,2025-01-02T22:00:00,primary
1000772,DGFS0005,2023-07-12T19:36:00,2023-07-12T23:00:00,primary
1000773,DGFS0021,2024-06-17T19:33:00,2024-06-17T23:00:00,primary
1000774,DGFS0002,2023-06-13T19:37:00,2023-06-13T22:00:00,primary
1000775,DGFS0021,2022-12-17T19:37:00,2022-12-17T22:00:00,primary
1000776,DGFS0024,2024-09-22T19:25:00,2024-09-22T23:00:00,primary
1000777,DGFS0006,2024-05-06T19:33:00,2024-05-06T21:00:00,primary
1000778,DGFM0005,2025-08-20T19:46:00,2025-08-20T21:00:00,primary
1000779,DGFM0003,2023-08-02T19:07:00,2023-08-02T22:00:00,primary
1000780,DGFS0005,2022-10-20T19:36:00,2022-10-20T22:00:00,primary
1000781,DGFS0013,2025-05-24T19:28:00,2025-05-24T23:00:00,primary
1000782,DGFM0005,2025-04-30T19:46:00,2025-04-30T22:00:00,primary
1000783,DGFS0014,2022-09-08T19:39:00,2022-09-08T21:00:00,primary
1000784,DGFS0019,2023-07-21T19:24:00,2023-07-21T22:00:00,primary
1000785,DGFS0022,2022-10-03T19:21:00,2022-10-03T23:00:00,primary
1000786,DGFS0021,2024-06-16T19:32:00,2024-06-16T21:00:00,primary
1000787,DGFS0020,2024-10-08T19:23:00,2024-10-08T23:00:00,primary
1000788,DGFS0023,2023-04-24T19:40:00,2023-04-24T21:00:00,primary
1000789,DGFS0015,2025-04-26T19:46:00,2025-04-26T22:00:00,primary
1000790,DGFS0007,2025-08-11T19:41:00,2025-08-11T22:00:00,primary
1000791,DGFS0009,2025-04-30T19:36:00,2025-04-30T21:00:00,primary
1000792,DGFS0009,2023-02-06T19:35:00,2023-02-06T21:00:00,primary
1000793,DGFM0003,2024-02-07T19:38:00,2024-02-07T23:00:00,primary
1000794,DGFS0009,2024-02-11T19:40:00,2024-02-11T22:00:00,primary
1000795,DGFS0008,2023-06-09T19:12:00,2023-06-09T22:00:00,primary
1000796,DGFM0003,2025-08-08T19:52:00,2025-08-08T21:00:00,primary
1000797,DGFS0019,2023-07-17T19:42:00,2023-07-17T22:00:00,primary
1000798,DGFS0012,2023-07-21T19:55:00,2023-07-21T21:00:00,primary
1000799,DGFS0015,2025-02-17T19:24:00,2025-02-17T22:00:00,primary
1000800,DGFS0017,2024-12-18T19:30:00,2024-12-18T23:00:00,primary
1000801,DGFS0005,2022-09-07T19:07:00,2022-09-07T22:00:00,primary
1000802,DGFS0006,2023-11-16T19:51:00,2023-11-16T21:00:00,primary
1000803,DGFS0016,2025-07-16T19:46:00,2025-07-16T23:00:00,primary
1000804,DGFS0014,2025-04-25T19:16:00,2025-04-25T23:00:00,primary
1000805,DGFS0014,2024-11-30T19:40:00,2024-11-30T21:00:00,primary
1000806,DGFS0006,2022-12-05T19:22:00,2022-12-05T22:00:00,primary
1000807,DGFS0001,2024-06-24T19:22:00,2024-06-24T21:00:00,primary
1000808,DGFS0009,2023-01-23T19:39:00,2023-01-23T23:00:00,primary
1000809,DGFS0008,2024-10-24T19:33:00,2024-10-24T22:00:00,primary
1000810,DGFS0011,2024-07-12T19:12:00,2024-07-12T22:00:00,primary
1000811,DGFS0022,2023-04-11T19:34:00,2023-04-11T22:00:00,primary
1000812,DGFS0020,2023-11-15T19:17:00,2023-11-15T23:00:00,primary
1000813,DGFS0014,2023-04-18T19:59:00,2023-04-18T21:00:00,primary
1000814,DGFS0019,2023-12-15T19:49:00,2023-12-15T22:00:00,primary
1000815,DGFS0013,2023-01-04T19:57:00,2023-01-04T22:00:00,primary
1000816,DGFM0004,2022-12-16T19:24:00,2022-12-16T23:00:00,primary
1000817,DGFM0001,2024-03-05T19:31:00,2024-03-05T22:00:00,primary
1000818,DGFS0008,2024-10-12T19:53:00,2024-10-12T23:00:00,primary
1000819,DGFS0025,2024-08-19T19:16:00,2024-08-19T23:00:00,primary
1000820,DGFS0020,2024-10-24T19:06:00,2024-10-24T21:00:00,primary
1000821,DGFS0024,2023-03-14T19:26:00,2023-03-14T22:00:00,primary
1000822,DGFS0001,2023-03-08T19:19:00,2023-03-08T22:00:00,primary
1000823,DGFS0003,2024-05-28T19:26:00,2024-05-28T22:00:00,primary
1000824,DGFS0011,2024-11-21T19:50:00,2024-11-21T22:00:00,primary
1000825,DGFS0014,2025-01-29T19:33:00,2025-01-29T22:00:00,primary
1000826,DGFS0023,2022-12-14T19:59:00,2022-12-14T22:00:00,primary
1000827,DGFS0011,2023-02-17T19:17:00,2023-02-17T21:00:00,primary
1000828,DGFS0025,2024-11-10T19:21:00,2024-11-10T22:00:00,primary
1000829,DGFS0001,2023-11-04T19:36:00,2023-11-04T23:00:00,primary
1000830,DGFS0022,2023-05-19T19:31:00,2023-05-19T22:00:00,primary
1000831,DGFM0005,2025-04-02T19:34:00,2025-04-02T23:00:00,primary
1000832,DGFS0012,2024-11-15T19:39:00,2024-11-15T21:00:00,primary
1000833,DGFS0013,2025-03-13T19:15:00,2025-03-13T22:00:00,primary
1000834,DGFS0011,2023-08-05T19:49:00,2023-08-05T22:00:00,primary
1000835,DGFS0017,2024-01-20T19:28:00,2024-01-20T22:00:00,primary
1000836,DGFS0021,2025-08-31T19:37:00,2025-08-31T22:00:00,primary
1000837,DGFM0002,2022-09-27T19:17:00,2022-09-27T22:00:00,primary
1000838,DGFS0010,2025-03-08T19:40:00,2025-03-08T23:00:00,primary
1000839,DGFS0011,2024-11-01T19:43:00,2024-11-01T22:00:00,primary
1000840,DGFS0004,2023-08-20T19:46:00,2023-08-20T23:00:00,primary
1000841,DGFM0005,2024-06-24T19:45:00,2024-06-24T21:00:00,primary
1000842,DGFM0001,2023-11-06T19:18:00,2023-11-06T23:00:00,primary
1000843,DGFS0006,2023-10-24T19:16:00,2023-10-24T22:00:00,primary
1000844,DGFS0015,2024-04-16T19:22:00,2024-04-16T22:00:00,primary
1000845,DGFS0015,2024-12-15T20:00:00,2024-12-15T23:00:00,primary
1000846,DGFS0013,2023-02-27T19:22:00,2023-02-27T22:00:00,primary
1000847,DGFS0011,2024-04-26T19:52:00,2024-04-26T22:00:00,primary
1000848,DGFS0009,2025-01-13T19:40:00,2025-01-13T22:00:00,primary
1000849,DGFS0009,2023-01-03T19:56:00,2023-01-03T22:00:00,primary
1000850,DGFS0001,2025-03-28T19:14:00,2025-03-28T22:00:00,primary
1000851,DGFM0002,2024-06-27T19:06:00,2024-06-27T21:00:00,primary
1000852,DGFS0017,2024-06-10T19:22:00,2024-06-10T23:00:00,primary
1000853,DGFS0022,2023-02-14T19:31:00,2023-02-14T21:00:00,primary
1000854,DGFS0009,2024-01-04T19:39:00,2024-01-04T22:00:00,primary
1000855,DGFS0011,2022-10-03T19:40:00,2022-10-03T22:00:00,primary
1000856,DGFM0002,2022-12-27T19:27:00,2022-12-27T22:00:00,primary
1000857,DGFS0012,2025-06-14T19:31:00,2025-06-14T23:00:00,primary
1000858,DGFS0007,2023-08-28T19:22:00,2023-08-28T23:00:00,primary
1000859,DGFS0007,2024-06-23T19:58:00,2024-06-23T23:00:00,primary
1000860,DGFS0021,2025-05-18T19:05:00,2025-05-18T22:00:00,primary
1000861,DGFS0015,2022-11-07T19:56:00,2022-11-07T21:00:00,primary
1000862,DGFS0007,2023-10-31T19:48:00,2023-10-31T23:00:00,primary
1000863,DGFS0001,2024-03-23T19:33:00,2024-03-23T22:00:00,primary
1000864,DGFS0016,2023-10-21T19:22:00,2023-10-21T23:00:00,primary
1000865,DGFS0024,2023-04-08T19:34:00,2023-04-08T22:00:00,primary
1000866,DGFS0015,2024-02-06T19:57:00,2024-02-06T23:00:00,primary
1000867,DGFS0011,2024-08-01T19:28:00,2024-08-01T22:00:00,primary
1000868,DGFS0016,2023-09-06T19:34:00,2023-09-06T21:00:00,primary
1000869,DGFS0011,2024-05-23T19:12:00,2024-05-23T23:00:00,primary
1000870,DGFM0002,2025-03-18T19:54:00,2025-03-18T23:00:00,primary
1000871,DGFS0005,2024-07-18T19:33:00,2024-07-18T23:00:00,primary
1000872,DGFM0002,2024-09-27T19:34:00,2024-09-27T21:00:00,primary
1000873,DGFS0025,2025-06-01T19:14:00,2025-06-01T22:00:00,primary
1000874,DGFS0006,2023-09-01T19:21:00,2023-09-01T22:00:00,primary
1000875,DGFS0022,2022-11-12T19:48:00,2022-11-12T22:00:00,primary
1000876,DGFS0021,2025-05-03T19:25:00,2025-05-03T22:00:00,primary
1000877,DGFS0012,2024-03-15T19:30:00,2024-03-15T21:00:00,primary
1000878,DGFS0007,2025-06-06T19:57:00,2025-06-06T22:00:00,primary
1000879,DGFS0020,2024-08-21T19:11:00,2024-08-21T23:00:00,primary
1000880,DGFS0003,2024-08-12T20:00:00,2024-08-12T22:00:00,primary
1000881,DGFS0013,2023-02-28T19:29:00,2023-02-28T22:00:00,primary
1000882,DGFM0003,2024-11-21T19:05:00,2024-11-21T23:00:00,primary
1000883,DGFM0003,2023-12-05T19:20:00,2023-12-05T23:00:00,primary
1000884,DGFS0010,2024-11-22T19:44:00,2024-11-22T22:00:00,primary
1000885,DGFS0017,2023-02-02T19:11:00,2023-02-02T21:00:00,primary
1000886,DGFS0009,2024-02-10T19:57:00,2024-02-10T23:00:00,primary
1000887,DGFS0024,2022-09-26T20:00:00,2022-09-26T21:00:00,primary
1000888,DGFS0013,2023-12-27T19:22:00,2023-12-27T23:00:00,primary
1000889,DGFM0001,2024-04-04T19:47:00,2024-04-04T23:00:00,primary
1000890,DGFM0005,2022-09-16T19:22:00,2022-09-16T21:00:00,primary
1000891,DGFS0022,2023-06-06T20:00:00,2023-06-06T21:00:00,primary
1000892,DGFS0006,2023-10-28T19:50:00,2023-10-28T22:00:00,primary
1000893,DGFS0011,2022-10-19T19:39:00,2022-10-19T21:00:00,primary
1000894,DGFM0001,2025-04-19T19:12:00,2025-04-19T23:00:00,primary
1000895,DGFS0023,2023-02-09T19:35:00,2023-02-09T22:00:00,primary
1000896,DGFM0003,2025-01-07T19:28:00,2025-01-07T22:00:00,primary
1000897,DGFS0016,2023-08-02T19:17:00,2023-08-02T22:00:00,primary
1000898,DGFS0011,2024-03-01T19:47:00,2024-03-01T21:00:00,primary
1000899,DGFS0005,2022-09-21T19:22:00,2022-09-21T21:00:00,primary
1000900,DGFM0003,2025-04-25T19:53:00,2025-04-25T22:00:00,primary
1000901,DGFS0018,2023-11-08T19:42:00,2023-11-08T21:00:00,primary
1000902,DGFM0004,2025-08-03T19:07:00,2025-08-03T21:00:00,primary
1000903,DGFS0017,2023-12-12T19:14:00,2023-12-12T23:00:00,primary
1000904,DGFS0009,2024-01-22T19:12:00,2024-01-22T23:00:00,primary
1000905,DGFS0008,2022-09-02T19:32:00,2022-09-02T22:00:00,primary
1000906,DGFS0006,2025-05-28T19:55:00,2025-05-28T21:00:00,primary
1000907,DGFS0013,2025-02-09T19:39:00,2025-02-09T21:00:00,primary
1000908,DGFS0014,2024-01-08T19:07:00,2024-01-08T21:00:00,primary
1000909,DGFS0002,2022-12-28T20:00:00,2022-12-28T23:00:00,primary
1000910,DGFS0011,2025-06-01T19:37:00,2025-06-01T23:00:00,primary
1000911,DGFS0007,2024-08-16T19:54:00,2024-08-16T22:00:00,primary
1000912,DGFS0007,2023-09-06T19:36:00,2023-09-06T23:00:00,primary
1000913,DGFS0021,2023-06-21T19:07:00,2023-06-21T22:00:00,primary
1000914,DGFS0013,2025-04-23T19:49:00,2025-04-23T22:00:00,primary
1000915,DGFS0014,2023-11-06T19:37:00,2023-11-06T23:00:00,primary
1000916,DGFS0008,2022-09-04T19:07:00,2022-09-04T22:00:00,primary
1000917,DGFS0018,2023-05-17T19:19:00,2023-05-17T21:00:00,primary
1000918,DGFS0014,2023-08-20T19:05:00,2023-08-20T22:00:00,primary
1000919,DGFS0009,2023-07-04T19:16:00,2023-07-04T22:00:00,primary
1000920,DGFM0004,2024-05-29T19:29:00,2024-05-29T21:00:00,primary
1000921,DGFS0003,2025-08-04T19:07:00,2025-08-04T21:00:00,primary
1000922,DGFS0008,2025-02-19T19:28:00,2025-02-19T21:00:00,primary
1000923,DGFS0023,2024-08-22T19:28:00,2024-08-22T23:00:00,primary
1000924,DGFS0018,2024-06-22T19:27:00,2024-06-22T22:00:00,primary
1000925,DGFS0006,2024-02-08T19:15:00,2024-02-08T22:00:00,primary
1000926,DGFS0022,2024-12-06T19:05:00,2024-12-06T23:00:00,primary
1000927,DGFS0013,2023-08-26T19:28:00,2023-08-26T22:00:00,primary
1000928,DGFM0004,2023-09-03T19:58:00,2023-09-03T22:00:00,primary
1000929,DGFS0019,2023-08-04T19:49:00,2023-08-04T21:00:00,primary
1000930,DGFS0017,2024-01-27T19:29:00,2024-01-27T22:00:00,primary
1000931,DGFS0021,2024-01-29T19:52:00,2024-01-29T21:00:00,primary
1000932,DGFS0002,2023-10-25T19:51:00,2023-10-25T22:00:00,primary
1000933,DGFS0005,2023-02-06T19:45:00,2023-02-06T22:00:00,primary
1000934,DGFM0002,2023-05-19T19:48:00,2023-05-19T23:00:00,primary
1000935,DGFS0019,2024-09-19T19:42:00,2024-09-19T22:00:00,primary
1000936,DGFM0003,2024-02-14T19:51:00,2024-02-14T21:00:00,primary
1000937,DGFS0003,2023-08-24T19:25:00,2023-08-24T22:00:00,primary
1000938,DGFM0005,2025-08-05T19:40:00,2025-08-05T22:00:00,primary
1000939,DGFS0005,2023-06-23T19:50:00,2023-06-23T21:00:00,primary
1000940,DGFM0002,2024-10-26T20:00:00,2024-10-26T21:00:00,primary
1000941,DGFS0005,2025-06-28T19:23:00,2025-06-28T23:00:00,primary
1000942,DGFS0005,2025-08-18T19:33:00,2025-08-18T23:00:00,primary
1000943,DGFS0009,2024-03-28T19:33:00,2024-03-28T23:00:00,primary
1000944,DGFS0025,2024-10-22T19:37:00,2024-10-22T21:00:00,primary
1000945,DGFS0012,2024-12-04T19:44:00,2024-12-04T23:00:00,primary
1000946,DGFS0016,2023-10-28T19:40:00,2023-10-28T22:00:00,primary
1000947,DGFS0005,2022-10-23T19:45:00,2022-10-23T23:00:00,primary
1000948,DGFS0002,2024-09-12T19:30:00,2024-09-12T23:00:00,primary
1000949,DGFS0015,2025-02-14T20:00:00,2025-02-14T21:00:00,primary
1000950,DGFS0010,2025-07-18T19:45:00,2025-07-18T21:00:00,primary
1000951,DGFM0003,2024-12-09T19:35:00,2024-12-09T22:00:00,primary
1000952,DGFS0024,2023-05-15T19:41:00,2023-05-15T22:00:00,primary
1000953,DGFS0005,2022-10-06T19:31:00,2022-10-06T22:00:00,primary
1000954,DGFS0001,2024-07-22T19:08:00,2024-07-22T23:00:00,primary
1000955,DGFM0004,2024-08-09T19:25:00,2024-08-09T21:00:00,primary
1000956,DGFS0020,2024-02-21T19:15:00,2024-02-21T22:00:00,primary
1000957,DGFS0012,2023-06-12T19:16:00,2023-06-12T21:00:00,primary
1000958,DGFS0021,2024-04-23T19:19:00,2024-04-23T22:00:00,primary
1000959,DGFS0024,2024-04-29T19:50:00,2024-04-29T22:00:00,primary
1000960,DGFS0018,2023-03-05T19:05:00,2023-03-05T21:00:00,primary
1000961,DGFM0003,2022-11-19T19:25:00,2022-11-19T22:00:00,primary
1000962,DGFS0001,2023-07-27T19:58:00,2023-07-27T22:00:00,primary
1000963,DGFS0018,2025-06-29T19:13:00,2025-06-29T21:00:00,primary
1000964,DGFS0006,2024-01-10T19:19:00,2024-01-10T22:00:00,primary
1000965,DGFS0013,2024-08-21T19:44:00,2024-08-21T23:00:00,primary
1000966,DGFS0023,2023-12-15T19:07:00,2023-12-15T21:00:00,primary
1000967,DGFS0002,2023-03-11T19:15:00,2023-03-11T21:00:00,primary
1000968,DGFS0015,2024-04-11T19:50:00,2024-04-11T23:00:00,primary
1000969,DGFS0024,2024-04-08T19:11:00,2024-04-08T21:00:00,primary
1000970,DGFS0022,2023-05-27T19:12:00,2023-05-27T21:00:00,primary
1000971,DGFS0013,2025-02-09T19:53:00,2025-02-09T22:00:00,primary
1000972,DGFS0003,2024-08-31T19:10:00,2024-08-31T23:00:00,primary
1000973,DGFS0025,2025-06-11T19:36:00,2025-06-11T22:00:00,primary
1000974,DGFS0018,2024-11-30T19:37:00,2024-11-30T23:00:00,primary
1000975,DGFS0013,2022-10-01T19:18:00,2022-10-01T22:00:00,primary
1000976,DGFS0012,2024-02-17T19:48:00,2024-02-17T22:00:00,primary
1000977,DGFM0004,2023-10-16T19:46:00,2023-10-16T21:00:00,primary
1000978,DGFS0009,2023-05-23T19:11:00,2023-05-23T22:00:00,primary
1000979,DGFM0003,2024-08-15T19:37:00,2024-08-15T22:00:00,primary
1000980,DGFM0001,2024-11-24T19:26:00,2024-11-24T23:00:00,primary
1000981,DGFM0004,2023-07-24T19:13:00,2023-07-24T23:00:00,primary
1000982,DGFS0025,2022-10-16T20:00:00,2022-10-16T23:00:00,primary
1000983,DGFS0018,2024-03-21T19:34:00,2024-03-21T21:00:00,primary
1000984,DGFS0015,2025-08-20T19:06:00,2025-08-20T22:00:00,primary
1000985,DGFS0009,2024-02-04T19:11:00,2024-02-04T22:00:00,primary
1000986,DGFS0022,2023-12-25T19:35:00,2023-12-25T21:00:00,primary
1000987,DGFS0005,2023-06-04T19:13:00,2023-06-04T21:00:00,primary
1000988,DGFS0009,2022-09-01T19:15:00,2022-09-01T22:00:00,primary
1000989,DGFS0015,2024-05-21T19:37:00,2024-05-21T22:00:00,primary
1000990,DGFM0001,2023-01-02T19:33:00,2023-01-02T22:00:00,primary
1000991,DGFS0021,2024-09-03T19:21:00,2024-09-03T22:00:00,primary
1000992,DGFM0004,2025-05-16T19:13:00,2025-05-16T22:00:00,primary
1000993,DGFS0017,2025-01-17T19:26:00,2025-01-17T22:00:00,primary
1000994,DGFS0020,2025-03-17T19:17:00,2025-03-17T21:00:00,primary
1000995,DGFS0008,2023-01-20T19:13:00,2023-01-20T22:00:00,primary
1000996,DGFS0025,2022-11-08T19:19:00,2022-11-08T23:00:00,primary
1000997,DGFS0011,2025-02-22T19:16:00,2025-02-22T23:00:00,primary
1000998,DGFS0011,2023-06-06T19:05:00,2023-06-06T21:00:00,primary
1000999,DGFM0001,2022-10-03T19:18:00,2022-10-03T22:00:00,primary
1001000,DGFS0016,2025-05-14T19:59:00,2025-05-14T23:00:00,primary
1001001,DGFM0002,2024-08-08T19:26:00,2024-08-08T23:00:00,primary
1001002,DGFM0001,2024-01-06T19:56:00,2024-01-06T23:00:00,primary
1001003,DGFM0004,2022-11-14T19:23:00,2022-11-14T23:00:00,primary
1001004,DGFS0010,2023-06-20T19:51:00,2023-06-20T23:00:00,primary
1001005,DGFS0015,2025-04-02T19:50:00,2025-04-02T21:00:00,primary
1001006,DGFS0014,2025-06-23T19:16:00,2025-06-23T22:00:00,primary
1001007,DGFS0011,2024-05-10T19:14:00,2024-05-10T22:00:00,primary
1001008,DGFS0004,2023-10-12T19:26:00,2023-10-12T22:00:00,primary
1001009,DGFS0020,2023-06-09T19:28:00,2023-06-09T23:00:00,primary
1001010,DGFS0007,2024-05-17T19:14:00,2024-05-17T23:00:00,primary
1001011,DGFS0021,2023-07-09T19:16:00,2023-07-09T22:00:00,primary
1001012,DGFS0004,2023-04-18T19:44:00,2023-04-18T22:00:00,primary
1001013,DGFS0001,2025-05-28T19:56:00,2025-05-28T23:00:00,primary
1001014,DGFS0017,2025-05-25T19:58:00,2025-05-25T21:00:00,primary
1001015,DGFS0015,2022-10-30T19:39:00,2022-10-30T22:00:00,primary
1001016,DGFM0002,2024-05-03T19:44:00,2024-05-03T22:00:00,primary
1001017,DGFS0019,2023-07-19T19:52:00,2023-07-19T21:00:00,primary
1001018,DGFS0001,2025-02-22T19:07:00,2025-02-22T21:00:00,primary
1001019,DGFS0023,2023-01-14T19:37:00,2023-01-14T23:00:00,primary
1001020,DGFS0018,2023-08-19T19:06:00,2023-08-19T21:00:00,primary
1001021,DGFS0007,2022-09-02T19:19:00,2022-09-02T21:00:00,primary
1001022,DGFS0014,2023-10-06T19:55:00,2023-10-06T22:00:00,primary
1001023,DGFM0002,2025-06-18T19:08:00,2025-06-18T22:00:00,primary
1001024,DGFS0011,2023-10-09T19:18:00,2023-10-09T21:00:00,primary
1001025,DGFS0015,2022-10-18T19:52:00,2022-10-18T23:00:00,primary
1001026,DGFS0019,2024-04-30T19:08:00,2024-04-30T21:00:00,primary
1001027,DGFS0024,2025-08-12T19:47:00,2025-08-12T22:00:00,primary
1001028,DGFS0008,2025-05-28T19:43:00,2025-05-28T23:00:00,primary
1001029,DGFS0004,2024-02-18T19:15:00,2024-02-18T23:00:00,primary
1001030,DGFM0003,2022-09-14T19:16:00,2022-09-14T21:00:00,primary
1001031,DGFS0012,2025-08-11T19:26:00,2025-08-11T21:00:00,primary
1001032,DGFS0008,2024-08-18T19:08:00,2024-08-18T22:00:00,primary
1001033,DGFS0011,2025-06-30T19:07:00,2025-06-30T22:00:00,primary
1001034,DGFS0004,2023-04-14T19:39:00,2023-04-14T21:00:00,primary
1001035,DGFS0001,2024-05-22T19:45:00,2024-05-22T22:00:00,primary
1001036,DGFS0024,2022-11-04T19:51:00,2022-11-04T22:00:00,primary
1001037,DGFS0022,2022-11-21T19:41:00,2022-11-21T22:00:00,primary
1001038,DGFS0017,2025-04-14T19:40:00,2025-04-14T21:00:00,primary
1001039,DGFS0005,2022-10-24T19:55:00,2022-10-24T23:00:00,primary
1001040,DGFM0003,2024-09-08T19:31:00,2024-09-08T21:00:00,primary
1001041,DGFS0010,2023-10-04T20:00:00,2023-10-04T21:00:00,primary
1001042,DGFS0001,2024-09-14T19:40:00,2024-09-14T21:00:00,primary
1001043,DGFS0011,2023-01-27T19:57:00,2023-01-27T23:00:00,primary
1001044,DGFS0016,2025-08-06T19:21:00,2025-08-06T22:00:00,primary
1001045,DGFS0025,2023-03-07T19:09:00,2023-03-07T21:00:00,primary
1001046,DGFS0002,2025-07-15T19:31:00,2025-07-15T22:00:00,primary
1001047,DGFS0002,2023-11-29T19:34:00,2023-11-29T23:00:00,primary
1001048,DGFS0002,2024-11-06T19:20:00,2024-11-06T23:00:00,primary
1001049,DGFS0014,2023-12-15T19:07:00,2023-12-15T22:00:00,primary
1001050,DGFS0005,2024-11-10T19:44:00,2024-11-10T22:00:00,primary
1001051,DGFS0001,2025-05-23T19:39:00,2025-05-23T21:00:00,primary
1001052,DGFS0003,2024-04-29T19:20:00,2024-04-29T21:00:00,primary
1001053,DGFM0003,2024-02-14T19:50:00,2024-02-14T22:00:00,primary
1001054,DGFS0006,2025-07-11T19:48:00,2025-07-11T22:00:00,primary
1001055,DGFS0018,2023-06-20T19:18:00,2023-06-20T21:00:00,primary
1001056,DGFS0007,2023-06-23T19:24:00,2023-06-23T22:00:00,primary
1001057,DGFS0013,2023-08-21T20:00:00,2023-08-21T21:00:00,primary
1001058,DGFS0007,2023-11-13T19:28:00,2023-11-13T23:00:00,primary
1001059,DGFM0002,2023-03-30T19:27:00,2023-03-30T22:00:00,primary
1001060,DGFS0007,2025-02-03T19:53:00,2025-02-03T21:00:00,primary
1001061,DGFS0008,2024-08-15T19:12:00,2024-08-15T21:00:00,primary
1001062,DGFS0007,2024-07-23T19:19:00,2024-07-23T22:00:00,primary
1001063,DGFS0001,2025-07-05T19:10:00,2025-07-05T21:00:00,primary
1001064,DGFM0003,2023-04-28T19:15:00,2023-04-28T22:00:00,primary
1001065,DGFS0022,2024-02-21T19:55:00,2024-02-21T23:00:00,primary
1001066,DGFS0014,2025-03-07T19:46:00,2025-03-07T21:00:00,primary
1001067,DGFS0005,2023-11-21T19:41:00,2023-11-21T23:00:00,primary
1001068,DGFS0006,2022-12-03T19:07:00,2022-12-03T23:00:00,primary
1001069,DGFS0023,2025-01-29T19:17:00,2025-01-29T22:00:00,primary
1001070,DGFS0024,2025-02-07T19:21:00,2025-02-07T23:00:00,primary
1001071,DGFS0010,2023-05-02T19:26:00,2023-05-02T21:00:00,primary
1001072,DGFS0013,2023-12-06T19:29:00,2023-12-06T23:00:00,primary
1001073,DGFS0015,2023-11-22T19:51:00,2023-11-22T23:00:00,primary
1001074,DGFS0012,2025-02-01T19:10:00,2025-02-01T21:00:00,primary
1001075,DGFS0012,2023-09-10T19:15:00,2023-09-10T23:00:00,primary
1001076,DGFM0001,2024-07-23T19:18:00,2024-07-23T23:00:00,primary
1001077,DGFS0020,2024-02-05T19:57:00,2024-02-05T23:00:00,primary
1001078,DGFS0002,2025-07-05T19:24:00,2025-07-05T22:00:00,primary
1001079,DGFS0017,2024-03-05T19:31:00,2024-03-05T22:00:00,primary
1001080,DGFS0021,2025-08-09T19:30:00,2025-08-09T23:00:00,primary
1001081,DGFS0025,2023-02-15T19:21:00,2023-02-15T21:00:00,primary
1001082,DGFS0014,2023-08-30T19:25:00,2023-08-30T22:00:00,primary
1001083,DGFS0015,2024-05-21T20:00:00,2024-05-21T23:00:00,primary
1001084,DGFS0010,2023-12-03T19:17:00,2023-12-03T23:00:00,primary
1001085,DGFS0009,2022-09-09T19:30:00,2022-09-09T21:00:00,primary
1001086,DGFS0007,2024-07-10T19:28:00,2024-07-10T21:00:00,primary
1001087,DGFM0003,2023-08-31T19:08:00,2023-08-31T21:00:00,primary
1001088,DGFM0004,2024-04-05T19:35:00,2024-04-05T22:00:00,primary
1001089,DGFS0014,2022-12-21T19:40:00,2022-12-21T22:00:00,primary
1001090,DGFS0015,2022-12-25T19:33:00,2022-12-25T23:00:00,primary
1001091,DGFS0019,2024-12-09T19:06:00,2024-12-09T21:00:00,primary
1001092,DGFS0021,2024-04-21T19:46:00,2024-04-21T23:00:00,primary
1001093,DGFS0025,2022-10-04T19:46:00,2022-10-04T21:00:00,primary
1001094,DGFS0008,2023-03-09T19:40:00,2023-03-09T21:00:00,primary
1001095,DGFS0007,2023-07-07T19:05:00,2023-07-07T23:00:00,primary
1001096,DGFS0022,2025-01-31T19:33:00,2025-01-31T23:00:00,primary
1001097,DGFS0017,2023-01-26T19:20:00,2023-01-26T22:00:00,primary
1001098,DGFS0014,2023-11-04T19:37:00,2023-11-04T22:00:00,primary
1001099,DGFS0018,2023-11-10T19:41:00,2023-11-10T23:00:00,primary
1001100,DGFM0003,2025-08-04T11:49:00,,primary
1001101,DGFS0012,2025-08-17T05:48:00,,primary
1001102,DGFS0022,2025-08-08T15:09:00,,primary
1001103,DGFS0021,2025-08-14T11:21:00,,primary
1001104,DGFS0017,2025-08-09T23:46:00,,primary
1001105,DGFS0017,2025-08-17T05:09:00,,primary
1001106,DGFM0004,2025-08-01T12:43:00,,primary
1001107,DGFS0025,2025-08-02T17:00:00,,primary
1001108,DGFS0019,2025-08-20T11:05:00,,primary
1001109,DGFS0008,2025-08-12T02:08:00,,primary
1001110,DGFS0008,2025-08-08T13:30:00,,primary
1001111,DGFS0015,2025-08-19T04:21:00,,primary
1001112,DGFS0022,2025-08-18T15:15:00,,primary
1001113,DGFS0001,2025-08-07T13:27:00,,primary
1001114,DGFM0002,2025-08-05T06:45:00,,primary
1001115,DGFM0004,2025-08-20T06:36:00,,primary
1001116,DGFS0006,2025-08-10T10:29:00,,primary
1001117,DGFS0016,2025-08-03T15:25:00,,primary
1001118,DGFS0015,2025-08-06T00:19:00,,primary
1001119,DGFS0009,2025-08-14T21:19:00,,primary
1001120,DGFS0014,2025-08-10T05:54:00,,primary
1001121,DGFS0011,2025-08-09T04:52:00,,primary
1001122,DGFS0024,2025-08-02T03:53:00,,primary
1001123,DGFS0003,2025-08-08T06:43:00,,primary
1001124,DGFS0020,2025-08-13T18:15:00,,primary
1001125,DGFS0003,2025-08-13T01:47:00,,primary
1001126,DGFS0007,2025-08-10T03:00:00,,primary
1001127,DGFS0006,2025-08-08T03:41:00,,primary
1001128,DGFS0014,2025-08-17T12:17:00,,primary
1001129,DGFS0007,2025-08-19T23:09:00,,primary
1001130,DGFM0003,2025-08-13T00:49:00,,primary
1001131,DGFS0023,2025-08-12T06:34:00,,primary
1001132,DGFM0005,2025-08-08T08:59:00,,primary
1001133,DGFS0010,2025-08-03T02:19:00,,primary
1001134,DGFM0005,2025-08-19T14:48:00,,primary
1001135,DGFS0023,2025-08-12T19:58:00,,primary
1001136,DGFS0003,2025-08-05T03:07:00,,primary
1001137,DGFS0019,2025-08-12T07:22:00,,primary
1001138,DGFM0002,2025-08-20T05:42:00,,primary
1001139,DGFS0011,2025-08-02T13:58:00,,primary
1001140,DGFS0025,2025-08-15T13:47:00,,primary
1001141,DGFS0011,2025-08-12T19:08:00,,primary
1001142,DGFS0013,2025-08-14T05:27:00,,primary
1001143,DGFS0001,2025-08-11T04:16:00,,primary
1001144,DGFS0015,2025-08-04T12:11:00,,primary
1001145,DGFS0017,2025-08-09T09:14:00,,primary
1001146,DGFS0008,2025-08-07T08:48:00,,primary
1001147,DGFS0013,2025-08-01T16:26:00,,primary
1001148,DGFS0002,2025-08-12T06:06:00,,primary
1001149,DGFS0015,2025-08-01T18:09:00,,primary
1001150,DGFS0013,2025-08-18T09:05:00,,primary
1001151,DGFS0004,2025-08-12T02:55:00,,primary
1001152,DGFS0023,2025-08-20T09:20:00,,primary
1001153,DGFS0007,2025-08-10T06:50:00,,primary
1001154,DGFS0022,2025-08-15T18:48:00,,primary
1001155,DGFS0012,2025-08-15T16:23:00,,primary
1001156,DGFS0018,2025-08-18T09:15:00,,primary
1001157,DGFS0011,2025-08-17T16:51:00,,primary
1001158,DGFS0023,2025-08-15T00:53:00,,primary
1001159,DGFS0011,2025-08-20T11:53:00,,primary
1001160,DGFS0017,2025-08-06T03:53:00,,primary
1001161,DGFS0005,2025-08-10T18:30:00,,primary
1001162,DGFS0022,2025-08-02T15:23:00,,primary
1001163,DGFS0013,2025-08-01T10:44:00,,primary
1001164,DGFM0001,2025-08-11T22:41:00,,primary
1001165,DGFS0016,2025-08-13T01:52:00,,primary
1001166,DGFS0017,2025-08-12T15:20:00,,primary
1001167,DGFS0007,2025-08-03T02:20:00,,primary
1001168,DGFM0001,2025-08-18T19:55:00,,primary
1001169,DGFS0024,2025-08-09T07:28:00,,primary
1001170,DGFS0006,2025-08-07T18:17:00,,primary
1001171,DGFS0024,2025-08-05T00:48:00,,primary
1001172,DGFS0007,2025-08-08T18:48:00,,primary
1001173,DGFS0025,2025-08-17T18:22:00,,primary
1001174,DGFS0001,2025-08-13T08:43:00,,primary
1001175,DGFS0025,2025-08-03T16:47:00,,primary
1001176,DGFS0025,2025-08-05T09:33:00,,primary
1001177,DGFS0018,2025-08-02T12:40:00,,primary
1001178,DGFS0015,2025-08-04T10:31:00,,primary
1001179,DGFS0017,2025-08-14T03:00:00,,primary
1001180,DGFS0023,2025-08-09T08:50:00,,primary
1001181,DGFS0019,2025-08-16T21:27:00,,primary
1001182,DGFS0003,2025-08-08T13:28:00,,primary
1001183,DGFM0004,2025-08-05T02:16:00,,primary
1001184,DGFS0016,2025-08-09T06:39:00,,primary
1001185,DGFS0001,2025-08-04T15:00:00,,primary
1001186,DGFM0004,2025-08-13T05:58:00,,primary
1001187,DGFS0007,2025-08-08T06:58:00,,primary
1001188,DGFS0004,2025-08-12T23:28:00,,primary
1001189,DGFS0002,2025-08-15T22:43:00,,primary
1001190,DGFS0024,2025-08-08T01:07:00,,primary
1001191,DGFS0013,2025-08-03T22:25:00,,primary
1001192,DGFS0010,2025-08-17T17:24:00,,primary
1001193,DGFS0012,2025-08-01T11:58:00,,primary
1001194,DGFM0004,2025-08-07T22:11:00,,primary
1001195,DGFS0003,2025-08-03T09:57:00,,primary
1001196,DGFS0002,2025-08-17T21:28:00,,primary
1001197,DGFS0001,2025-08-11T07:45:00,,primary
1001198,DGFS0024,2025-08-19T14:56:00,,primary
1001199,DGFS0013,2025-08-10T00:34:00,,primary
